-- Insertar autores
INSERT INTO authors (id, name, birth_date, country, description) VALUES
(1, 'George MacDonald', '1920-09-07', 'Colombia', 'Escritor reconocido internacionalmente.'),
(2, 'L. Frank Baum', '1973-02-23', 'México', 'Poeta y novelista con gran trayectoria.'),
(3, 'Edith Nesbit', '1904-03-28', 'Chile', 'Figura influyente en la literatura moderna.'),
(4, 'J. M. Barrie', '1914-03-01', 'España', 'Poeta y novelista con gran trayectoria.'),
(5, 'Bram Stoker', '1900-11-17', 'EEUU', 'Escritor reconocido internacionalmente.'),
(6, 'Sheridan Le Fanu', '1984-11-08', 'Argentina', 'Autor contemporáneo destacado.'),
(7, 'Arthur Machen', '1963-06-14', 'Chile', 'Investigador y ensayista en múltiples áreas.'),
(8, 'Lewis Carroll', '1959-06-26', 'Colombia', 'Figura influyente en la literatura moderna.'),
(9, 'Robert W. Chambers', '1960-09-09', 'Perú', 'Investigador y ensayista en múltiples áreas.'),
(10, 'Kate Chopin', '1957-04-13', 'Chile', 'Autor contemporáneo destacado.'),
(11, 'D. H. Lawrence', '1982-11-02', 'España', 'Figura influyente en la literatura moderna.'),
(12, 'J.R.R. Tolkien', '1909-02-10', 'Perú', 'Investigador y ensayista en múltiples áreas.'),
(13, 'Gilbert Keith Chesterton', '1917-08-10', 'Argentina', 'Figura influyente en la literatura moderna.'),
(14, 'Hans Christian Andersen', '1961-05-07', 'Colombia', 'Autor contemporáneo destacado.'),
(15, 'George Orwell', '1949-10-17', 'Colombia', 'Escritor reconocido internacionalmente.'),
(16, 'Lucy Maud Montgomery', '1904-11-23', 'EEUU', 'Poeta y novelista con gran trayectoria.'),
(17, 'H. G. Wells', '1952-04-10', 'España', 'Poeta y novelista con gran trayectoria.'),
(18, 'Philip Pullman', '1991-05-25', 'Argentina', 'Escritor reconocido internacionalmente.'),
(19, 'Robert Louis Stevenson', '1959-12-27', 'Colombia', 'Poeta y novelista con gran trayectoria.'),
(20, 'C.S. Lewis', '1985-05-10', 'México', 'Poeta y novelista con gran trayectoria.'),
(21, 'Mark Twain', '1957-04-16', 'Colombia', 'Poeta y novelista con gran trayectoria.'),
(22, 'Margaret Atwood', '1969-12-14', 'México', 'Investigador y ensayista en múltiples áreas.'),
(23, 'Sax Rohmer', '1950-04-19', 'Perú', 'Escritor reconocido internacionalmente.'),
(24, 'Agatha Christie', '1946-10-24', 'Perú', 'Figura influyente en la literatura moderna.'),
(25, 'Oscar Wilde', '1974-10-25', 'Perú', 'Autor contemporáneo destacado.'),
(26, 'Arthur Conan Doyle', '1962-04-13', 'Argentina', 'Investigador y ensayista en múltiples áreas.'),
(27, 'Jane Austen', '1916-03-27', 'Colombia', 'Poeta y novelista con gran trayectoria.'),
(28, 'J. K. Rowling', '1902-05-07', 'México', 'Poeta y novelista con gran trayectoria.'),
(29, 'Stephenie Meyer', '1947-10-25', 'Colombia', 'Escritor reconocido internacionalmente.'),
(30, 'Katherine Paterson', '1955-04-15', 'Colombia', 'Poeta y novelista con gran trayectoria.'),
(31, 'William Shakespeare', '1927-06-16', 'Perú', 'Figura influyente en la literatura moderna.'),
(32, 'Madeleine L''Engle', '1983-11-23', 'Colombia', 'Poeta y novelista con gran trayectoria.'),
(33, 'H. Rider Haggard', '1916-11-11', 'Argentina', 'Figura influyente en la literatura moderna.'),
(34, 'Mary Shelley', '1994-05-11', 'Perú', 'Autor contemporáneo destacado.'),
(35, 'Michael Ende', '1962-04-23', 'Colombia', 'Investigador y ensayista en múltiples áreas.'),
(36, 'Maurice Sendak', '1948-06-04', 'Perú', 'Autor contemporáneo destacado.'),
(37, 'Roald Dahl', '1953-06-09', 'México', 'Autor contemporáneo destacado.'),
(38, 'Hugh Lofting', '1966-12-17', 'Chile', 'Figura influyente en la literatura moderna.'),
(39, 'E. B. White', '1981-12-05', 'EEUU', 'Autor contemporáneo destacado.'),
(40, 'Gebrüder Grimm [Brothers Grimm]', '1965-09-26', 'EEUU', 'Escritor reconocido internacionalmente.'),
(41, 'Frank Herbert', '1918-08-16', 'México', 'Escritor reconocido internacionalmente.'),
(42, 'Lois Lowry', '1960-07-12', 'Argentina', 'Escritor reconocido internacionalmente.'),
(43, 'Patrick Süskind', '1980-11-11', 'Colombia', 'Investigador y ensayista en múltiples áreas.'),
(44, 'Suzanne Collins', '1983-12-16', 'Argentina', 'Figura influyente en la literatura moderna.'),
(45, 'Edwin Abbott Abbott', '1978-10-07', 'España', 'Escritor reconocido internacionalmente.'),
(46, 'Paulo Coelho', '1994-07-25', 'Chile', 'Poeta y novelista con gran trayectoria.'),
(47, 'Edgar Rice Burroughs', '1900-01-17', 'Chile', 'Investigador y ensayista en múltiples áreas.'),
(48, 'John Steinbeck', '1982-05-03', 'Chile', 'Figura influyente en la literatura moderna.'),
(49, 'Carlo Collodi', '1928-05-20', 'México', 'Poeta y novelista con gran trayectoria.'),
(50, 'Antoine de Saint-Exupéry', '1993-09-25', 'México', 'Escritor reconocido internacionalmente.');

-- Insertar libros
INSERT INTO books (id, title, summary, publication_date, sales_count, author_id) VALUES
(1, 'Lilith', 'Ensayo profundo sobre la sociedad.', '1895-01-01', 129423, 1),
(2, 'The Sea Fairies', 'Cuentos breves que exploran la condición humana.', '1911-01-01', 921632, 2),
(3, 'The Phoenix and the Carpet', 'Cuentos breves que exploran la condición humana.', '1903-01-01', 62736, 3),
(4, 'The Enchanted Castle', 'Novela ficticia con elementos mágicos.', '1907-01-01', 197205, 3),
(5, 'Peter Pan', 'Obra poética cargada de emociones.', '1911-01-01', 903388, 4),
(6, 'Dracula', 'Novela ficticia con elementos mágicos.', '1897-01-01', 846628, 5),
(7, 'Phantastes', 'Novela ficticia con elementos mágicos.', '1850-01-01', 413099, 1),
(8, 'Carmilla', 'Obra poética cargada de emociones.', '1871-01-01', 326011, 6),
(9, 'The Great God Pan', 'Historia de aventuras y superación personal.', '1894-01-01', 213297, 7),
(10, 'The Book of Dragons', 'Historia de aventuras y superación personal.', '1973-01-01', 146248, 3),
(11, 'The princess and the goblin', 'Obra poética cargada de emociones.', '1907-01-01', 387119, 1),
(12, 'Alice''s Adventures in Wonderland', 'Cuentos breves que exploran la condición humana.', '1865-01-01', 316883, 8),
(13, 'The King in Yellow', 'Ensayo profundo sobre la sociedad.', '1895-01-01', 342918, 9),
(14, 'The Awakening', 'Cuentos breves que exploran la condición humana.', '1899-01-01', 564362, 10),
(15, 'The Jewel of Seven Stars', 'Ensayo profundo sobre la sociedad.', '1902-01-01', 236907, 5),
(16, 'Women in Love', 'Novela ficticia con elementos mágicos.', '1877-01-01', 168280, 11),
(17, 'The Hobbit', 'Ensayo profundo sobre la sociedad.', '1937-01-01', 843514, 12),
(18, 'The Man Who Was Thursday', 'Obra poética cargada de emociones.', '1908-01-01', 905887, 13),
(19, 'Hans Andersen''s Fairy Tales', 'Novela ficticia con elementos mágicos.', '1846-01-01', 892084, 14),
(20, 'Animal Farm', 'Obra poética cargada de emociones.', '1945-01-01', 765093, 15),
(21, 'Anne of Avonlea', 'Ensayo profundo sobre la sociedad.', '1909-01-01', 710969, 16),
(22, 'The Invisible Man', 'Obra poética cargada de emociones.', '0-01-01', 151718, 17),
(23, 'Northern Lights', 'Ensayo profundo sobre la sociedad.', '1995-01-01', 700235, 18),
(24, 'Treasure Island', 'Novela ficticia con elementos mágicos.', '1880-01-01', 700324, 19),
(25, 'The Two Towers', 'Cuentos breves que exploran la condición humana.', '1954-01-01', 452765, 12),
(26, 'The Fellowship of the Ring', 'Novela ficticia con elementos mágicos.', '1954-01-01', 572614, 12),
(27, 'Five Children and It', 'Ensayo profundo sobre la sociedad.', '1905-01-01', 735626, 3),
(28, 'The Subtle Knife', 'Ensayo profundo sobre la sociedad.', '1997-01-01', 957031, 18),
(29, 'Dorothy and the Wizard in Oz', 'Novela ficticia con elementos mágicos.', '1908-01-01', 875545, 2),
(30, 'The Return of the King', 'Novela ficticia con elementos mágicos.', '1950-01-01', 777610, 12),
(31, 'The Silmarillion', 'Obra poética cargada de emociones.', '1977-01-01', 561807, 12),
(32, 'The Last Battle', 'Obra poética cargada de emociones.', '1956-01-01', 555022, 20),
(33, 'The Lion, the Witch and the Wardrobe', 'Cuentos breves que exploran la condición humana.', '1950-01-01', 815107, 20),
(34, 'The Time Machine', 'Historia de aventuras y superación personal.', '1895-01-01', 470133, 17),
(35, 'The War of the Worlds', 'Historia de aventuras y superación personal.', '0-01-01', 905684, 17),
(36, 'Ozma of Oz', 'Historia de aventuras y superación personal.', '1907-01-01', 25611, 2),
(37, 'Prince Caspian', 'Cuentos breves que exploran la condición humana.', '1951-01-01', 845810, 20),
(38, 'Adventures of Huckleberry Finn', 'Historia de aventuras y superación personal.', '1876-01-01', 48724, 21),
(39, 'The Handmaid''s Tale', 'Historia de aventuras y superación personal.', '1985-01-01', 267365, 22),
(40, 'Brood of the Witch-Queen', 'Cuentos breves que exploran la condición humana.', '1924-01-01', 294523, 23),
(41, 'The Mysterious Affair at Styles', 'Cuentos breves que exploran la condición humana.', '1920-01-01', 387756, 24),
(42, 'The Lord of the Rings', 'Ensayo profundo sobre la sociedad.', '1954-01-01', 898328, 12),
(43, 'The Picture of Dorian Gray', 'Obra poética cargada de emociones.', '1890-01-01', 734813, 25),
(44, 'The Horse and His Boy', 'Novela ficticia con elementos mágicos.', '1954-01-01', 406594, 20),
(45, 'The Voyage of the Dawn Treader', 'Obra poética cargada de emociones.', '1952-01-01', 6162, 20),
(46, 'The Silver Chair', 'Cuentos breves que exploran la condición humana.', '1953-01-01', 3983, 20),
(47, 'The Lost World', 'Ensayo profundo sobre la sociedad.', '1900-01-01', 913953, 26),
(48, 'A Connecticut Yankee in King Arthur''s Court', 'Cuentos breves que exploran la condición humana.', '1889-01-01', 40997, 21),
(49, 'The Magician''s Nephew', 'Ensayo profundo sobre la sociedad.', '1955-01-01', 254895, 20),
(50, 'The Wonderful Wizard of Oz', 'Obra poética cargada de emociones.', '1899-01-01', 164989, 2),
(51, 'Emma', 'Obra poética cargada de emociones.', '1815-01-01', 142969, 27),
(52, 'The Adventures of Tom Sawyer', 'Ensayo profundo sobre la sociedad.', '1817-01-01', 919400, 21),
(53, 'Harry Potter and the Half-Blood Prince', 'Ensayo profundo sobre la sociedad.', '2005-01-01', 989088, 28),
(54, 'Harry Potter and the Deathly Hallows', 'Obra poética cargada de emociones.', '2007-01-01', 184843, 28),
(55, 'Twilight', 'Novela ficticia con elementos mágicos.', '2005-01-01', 756948, 29),
(56, 'Harry Potter and the Prisoner of Azkaban', 'Obra poética cargada de emociones.', '1999-01-01', 667196, 28),
(57, 'Sense and Sensibility', 'Historia de aventuras y superación personal.', '1811-01-01', 792645, 27),
(58, 'Bridge to Terabithia', 'Obra poética cargada de emociones.', '1972-01-01', 892160, 30),
(59, 'Romeo and Juliet', 'Novela ficticia con elementos mágicos.', '1597-01-01', 564126, 31),
(60, 'Harry Potter and the Order of the Phoenix', 'Novela ficticia con elementos mágicos.', '2003-01-01', 470069, 28),
(61, 'A Wrinkle in Time', 'Obra poética cargada de emociones.', '1962-01-01', 103736, 32),
(62, 'The Story of the Amulet', 'Cuentos breves que exploran la condición humana.', '1905-01-01', 549131, 3),
(63, 'She', 'Obra poética cargada de emociones.', '1886-01-01', 353786, 33),
(64, 'Frankenstein or The Modern Prometheus', 'Novela ficticia con elementos mágicos.', '1818-01-01', 394153, 34),
(65, 'Harry Potter and the Chamber of Secrets', 'Cuentos breves que exploran la condición humana.', '1998-01-01', 728805, 28),
(66, 'Momo oder Die seltsame Geschichte von den Zeit-Dieben und von dem Kind, das den Menschen die gestohlene Zeit zurückbrachte', 'Ensayo profundo sobre la sociedad.', '1973-01-01', 642852, 35),
(67, 'Where the Wild Things Are', 'Ensayo profundo sobre la sociedad.', '1600-01-01', 559437, 36),
(68, 'Harry Potter and the Goblet of Fire', 'Obra poética cargada de emociones.', '1993-01-01', 850099, 28),
(69, 'The BFG', 'Novela ficticia con elementos mágicos.', '1980-01-01', 749049, 37),
(70, 'Harry Potter and the Philosopher''s Stone', 'Historia de aventuras y superación personal.', '1997-01-01', 900028, 28),
(71, 'The Story of Doctor Dolittle', 'Ensayo profundo sobre la sociedad.', '1920-01-01', 704203, 38),
(72, 'Charlie and the Chocolate Factory', 'Ensayo profundo sobre la sociedad.', '1964-01-01', 14691, 37),
(73, 'James and the Giant Peach', 'Novela ficticia con elementos mágicos.', '1961-01-01', 102745, 37),
(74, 'When the Sleeper Awakes', 'Obra poética cargada de emociones.', '1899-01-01', 110230, 17),
(75, 'Charlotte''s Web', 'Cuentos breves que exploran la condición humana.', '1952-01-01', 889312, 39),
(76, 'The Marvelous Land of Oz', 'Historia de aventuras y superación personal.', '1904-01-01', 747132, 2),
(77, 'Kinder- und Hausmärchen', 'Historia de aventuras y superación personal.', '1812-01-01', 726298, 40),
(78, 'Tik-Tok of Oz', 'Obra poética cargada de emociones.', '1914-01-01', 460693, 2),
(79, 'Dune', 'Historia de aventuras y superación personal.', '1965-01-01', 36570, 41),
(80, 'The Witches', 'Novela ficticia con elementos mágicos.', '1983-01-01', 787947, 37),
(81, 'The Giver', 'Historia de aventuras y superación personal.', '1993-01-01', 552731, 42),
(82, 'Alice''s Adventures in Wonderland / Through the Looking Glass', 'Cuentos breves que exploran la condición humana.', '1889-01-01', 895305, 8),
(83, 'The Road to Oz', 'Obra poética cargada de emociones.', '1909-01-01', 268794, 2),
(84, 'Perfume', 'Historia de aventuras y superación personal.', '1985-01-01', 191747, 43),
(85, 'Matilda', 'Ensayo profundo sobre la sociedad.', '1988-01-01', 970098, 37),
(86, 'Catching Fire', 'Obra poética cargada de emociones.', '2009-01-01', 598413, 44),
(87, 'Flatland', 'Obra poética cargada de emociones.', '1884-01-01', 670160, 45),
(88, 'Charlie and the Great Glass Elevator', 'Cuentos breves que exploran la condición humana.', '1972-01-01', 758703, 37),
(89, 'O Alquimista', 'Historia de aventuras y superación personal.', '1988-01-01', 102888, 46),
(90, 'Fantastic Mr Fox', 'Obra poética cargada de emociones.', '1970-01-01', 693438, 37),
(91, 'A Princess of Mars', 'Ensayo profundo sobre la sociedad.', '1917-01-01', 930082, 47),
(92, 'The Hunger Games', 'Historia de aventuras y superación personal.', '2008-01-01', 218245, 44),
(93, 'The Complete Life and Adventures of Santa Claus', 'Obra poética cargada de emociones.', '1902-01-01', 999309, 2),
(94, 'Through the Looking-Glass', 'Obra poética cargada de emociones.', '1865-01-01', 779600, 8),
(95, 'Of Mice and Men', 'Novela ficticia con elementos mágicos.', '1937-01-01', 349186, 48),
(96, 'The Last Man', 'Historia de aventuras y superación personal.', '1826-01-01', 101741, 34),
(97, 'Le avventure di Pinocchio', 'Novela ficticia con elementos mágicos.', '1883-01-01', 90026, 49),
(98, 'Le petit prince', 'Obra poética cargada de emociones.', '1943-01-01', 309720, 50),
(99, 'Vingt mille lieues sous les mers', 'Novela ficticia con elementos mágicos.', '1870-01-01', 738939, 0),
(100, 'The water-babies', 'Cuentos breves que exploran la condición humana.', '1863-01-01', 595743, 0),
(101, '[William Wheeler Hubbell, authorized to apply for patents.]', 'Ensayo profundo sobre la sociedad.', '1858-01-01', 822589, 0),
(102, 'Twelve years a slave', 'Obra poética cargada de emociones.', '1853-01-01', 346981, 0),
(103, 'The Iron Heel', 'Ensayo profundo sobre la sociedad.', '1907-01-01', 956940, 0),
(104, 'Faerie queene', 'Obra poética cargada de emociones.', '1590-01-01', 933180, 0),
(105, 'On Liberty', 'Obra poética cargada de emociones.', '1859-01-01', 572418, 0),
(106, 'Mrs. Dalloway', 'Historia de aventuras y superación personal.', '1925-01-01', 404742, 0),
(107, 'Essays', 'Historia de aventuras y superación personal.', '1618-01-01', 682572, 0),
(108, 'Братья Карамазовы', 'Cuentos breves que exploran la condición humana.', '1880-01-01', 737057, 0),
(109, 'Utopia', 'Obra poética cargada de emociones.', '1518-01-01', 755351, 0),
(110, 'Summa Theologica', 'Historia de aventuras y superación personal.', '1467-01-01', 47704, 0),
(111, 'The Constitution of the United States and related documents', 'Cuentos breves que exploran la condición humana.', '1787-01-01', 627659, 0),
(112, 'Die Verwandlung', 'Historia de aventuras y superación personal.', '1915-01-01', 816751, 0),
(113, 'Much Ado About Nothing', 'Historia de aventuras y superación personal.', '1600-01-01', 488758, 31),
(114, 'Walden', 'Historia de aventuras y superación personal.', '1854-01-01', 358758, 0),
(115, 'Pensées', 'Obra poética cargada de emociones.', '1670-01-01', 455494, 0),
(116, 'A la recherche du temps perdu', 'Ensayo profundo sobre la sociedad.', '1914-01-01', 497707, 0),
(117, 'Hard Times', 'Historia de aventuras y superación personal.', '1854-01-01', 830337, 0),
(118, 'The Great Gatsby', 'Cuentos breves que exploran la condición humana.', '1920-01-01', 711412, 0),
(119, 'Anna Karenina', 'Obra poética cargada de emociones.', '1876-01-01', 322176, 0),
(120, 'Confessions', 'Historia de aventuras y superación personal.', '1482-01-01', 217933, 0),
(121, 'Sonnets', 'Historia de aventuras y superación personal.', '1609-01-01', 617026, 31),
(122, 'Leaves of Grass', 'Novela ficticia con elementos mágicos.', '1855-01-01', 487476, 0),
(123, 'Moby Dick', 'Ensayo profundo sobre la sociedad.', '1851-01-01', 568639, 0),
(124, 'Tao te Ching', 'Ensayo profundo sobre la sociedad.', '1842-01-01', 849763, 0),
(125, 'Madame Bovary', 'Ensayo profundo sobre la sociedad.', '1856-01-01', 107586, 0),
(126, 'Pride and Prejudice', 'Cuentos breves que exploran la condición humana.', '1813-01-01', 755178, 27),
(127, 'Bible', 'Historia de aventuras y superación personal.', '1200-01-01', 599786, 0),
(128, 'Leviathan', 'Ensayo profundo sobre la sociedad.', '1651-01-01', 647314, 0),
(129, 'Misery', 'Cuentos breves que exploran la condición humana.', '1978-01-01', 339187, 0),
(130, 'The Lightning Thief', 'Historia de aventuras y superación personal.', '2005-01-01', 536267, 0),
(131, 'I, Robot', 'Historia de aventuras y superación personal.', '1950-01-01', 717559, 0),
(132, 'Gorin no sho', 'Cuentos breves que exploran la condición humana.', '1963-01-01', 54062, 0),
(133, 'Die protestantische Ethik und der Geist des Kapitalismus', 'Novela ficticia con elementos mágicos.', '1700-01-01', 444223, 0),
(134, 'International Review of Cell and Molecular Biology', 'Novela ficticia con elementos mágicos.', '2008-01-01', 366805, 0),
(135, 'Principles of Political Economy', 'Cuentos breves que exploran la condición humana.', '1848-01-01', 723212, 0),
(136, 'The Gunslinger', 'Ensayo profundo sobre la sociedad.', '1976-01-01', 5544, 0),
(137, 'Mary Shelley''s Frankenstein; or, the Modern Prometheus (1818 text)', 'Historia de aventuras y superación personal.', '1818-01-01', 469042, 34),
(138, 'Financial Management', 'Novela ficticia con elementos mágicos.', '1987-01-01', 126212, 0),
(139, 'Slaughterhouse-Five', 'Obra poética cargada de emociones.', '1968-01-01', 291434, 0),
(140, 'The Napoleon of Notting Hill', 'Historia de aventuras y superación personal.', '1904-01-01', 590331, 13),
(141, 'Way to wealth', 'Cuentos breves que exploran la condición humana.', '1758-01-01', 799207, 0),
(142, 'Deception Point', 'Ensayo profundo sobre la sociedad.', '2001-01-01', 371904, 0),
(143, 'Jurassic Park', 'Historia de aventuras y superación personal.', '1990-01-01', 849705, 0),
(144, 'Do Androids Dream of Electric Sheep?', 'Novela ficticia con elementos mágicos.', '1968-01-01', 427528, 0),
(145, 'The Restaurant at the End of the Universe', 'Cuentos breves que exploran la condición humana.', '1980-01-01', 183519, 0),
(146, 'Le Deuxième Sexe', 'Historia de aventuras y superación personal.', '1949-01-01', 165444, 0),
(147, 'The Left Hand of Darkness', 'Obra poética cargada de emociones.', '1969-01-01', 392863, 0),
(148, 'R.U.R. and The insect play', 'Novela ficticia con elementos mágicos.', '1920-01-01', 755471, 0),
(149, 'Little House on the Prairie', 'Historia de aventuras y superación personal.', '1935-01-01', 139075, 0),
(150, 'Earth science', 'Ensayo profundo sobre la sociedad.', '1976-01-01', 595882, 0),
(151, 'A Modern Utopia', 'Novela ficticia con elementos mágicos.', '1900-01-01', 949664, 17),
(152, 'Leonardo', 'Historia de aventuras y superación personal.', '1946-01-01', 598796, 0),
(153, 'The Blind Assassin', 'Ensayo profundo sobre la sociedad.', '2000-01-01', 792080, 22),
(154, 'Physics', 'Historia de aventuras y superación personal.', '1472-01-01', 842753, 0),
(155, 'Архипелаг ГУЛАГ', 'Novela ficticia con elementos mágicos.', '1970-01-01', 808018, 0),
(156, 'Roughing It', 'Ensayo profundo sobre la sociedad.', '1872-01-01', 817075, 21),
(157, 'Coloring Book', 'Ensayo profundo sobre la sociedad.', '2019-01-01', 360435, 0),
(158, 'Stranger in a Strange Land', 'Cuentos breves que exploran la condición humana.', '1961-01-01', 633375, 0),
(159, 'A Game of Thrones', 'Novela ficticia con elementos mágicos.', '1996-01-01', 903061, 0),
(160, 'The Dead Zone', 'Historia de aventuras y superación personal.', '1979-01-01', 857669, 0),
(161, 'Second Foundation', 'Obra poética cargada de emociones.', '1953-01-01', 954551, 0),
(162, 'Goethe''s Werke', 'Ensayo profundo sobre la sociedad.', '1800-01-01', 609767, 0),
(163, 'Sapiens', 'Obra poética cargada de emociones.', '2011-01-01', 459121, 0),
(164, 'Foundation and Empire', 'Novela ficticia con elementos mágicos.', '1945-01-01', 101234, 0),
(165, 'The Man in the High Castle', 'Historia de aventuras y superación personal.', '1962-01-01', 355267, 0),
(166, 'The Book of the Dead', 'Cuentos breves que exploran la condición humana.', '1894-01-01', 569336, 0),
(167, 'A Wizard of Earthsea', 'Historia de aventuras y superación personal.', '1968-01-01', 735771, 0),
(168, 'The Illustrated Man', 'Ensayo profundo sobre la sociedad.', '1901-01-01', 318059, 0),
(169, 'L''Île mystérieuse', 'Obra poética cargada de emociones.', '1870-01-01', 142060, 0),
(170, 'The Stand', 'Historia de aventuras y superación personal.', '1978-01-01', 972575, 0),
(171, 'Microbiology', 'Ensayo profundo sobre la sociedad.', '1982-01-01', 457393, 0),
(172, 'Rights of Man', 'Ensayo profundo sobre la sociedad.', '1791-01-01', 721029, 0),
(173, 'Fundamentals Of Electricity And Magnetism', 'Novela ficticia con elementos mágicos.', '2001-01-01', 830991, 0),
(174, 'De la démocratie en Amérique', 'Cuentos breves que exploran la condición humana.', '1835-01-01', 331776, 0),
(175, 'Utilitarianism', 'Cuentos breves que exploran la condición humana.', '1863-01-01', 820178, 0),
(176, 'Oresteia', 'Novela ficticia con elementos mágicos.', '1845-01-01', 898888, 0),
(177, 'Fables', 'Ensayo profundo sobre la sociedad.', '1678-01-01', 258547, 0),
(178, 'Mutual Aid', 'Ensayo profundo sobre la sociedad.', '1902-01-01', 516644, 0),
(179, 'The Amber Spyglass', 'Historia de aventuras y superación personal.', '1999-01-01', 547959, 18),
(180, 'Accounting Principles', 'Obra poética cargada de emociones.', '1987-01-01', 290480, 0),
(181, 'A Raisin in the Sun', 'Cuentos breves que exploran la condición humana.', '1958-01-01', 694433, 0),
(182, 'Flowers for Algernon', 'Historia de aventuras y superación personal.', '1966-01-01', 39376, 0),
(183, 'Die Traumdeutung', 'Obra poética cargada de emociones.', '1899-01-01', 511714, 0),
(184, 'Ficciones', 'Ensayo profundo sobre la sociedad.', '1945-01-01', 538832, 0),
(185, 'Zen and the Art of Motorcycle Maintenance', 'Novela ficticia con elementos mágicos.', '1974-01-01', 293056, 0),
(186, 'The World Set Free', 'Historia de aventuras y superación personal.', '1914-01-01', 452932, 17),
(187, 'Ubik', 'Historia de aventuras y superación personal.', '1969-01-01', 29141, 0),
(188, 'The Lost World', 'Historia de aventuras y superación personal.', '1995-01-01', 190529, 0),
(189, 'Paradise Lost', 'Cuentos breves que exploran la condición humana.', '1667-01-01', 227001, 0),
(190, 'The Last of the Mohicans', 'Historia de aventuras y superación personal.', '1826-01-01', 725506, 0),
(191, 'Les Misérables', 'Cuentos breves que exploran la condición humana.', '1862-01-01', 491696, 0),
(192, 'The Beautiful and Damned', 'Historia de aventuras y superación personal.', '1922-01-01', 151743, 0),
(193, 'Kritik der reinen Vernunft', 'Cuentos breves que exploran la condición humana.', '1781-01-01', 942087, 0),
(194, 'Le roman du masque de fer', 'Cuentos breves que exploran la condición humana.', '1600-01-01', 728024, 0),
(195, 'Book of common prayer', 'Cuentos breves que exploran la condición humana.', '1537-01-01', 426073, 0),
(196, 'The Canterbury Tales', 'Novela ficticia con elementos mágicos.', '1478-01-01', 66982, 0),
(197, 'Nicomachean Ethics', 'Obra poética cargada de emociones.', '1558-01-01', 972895, 0),
(198, 'The Case-Book of Sherlock Holmes', 'Ensayo profundo sobre la sociedad.', '1927-01-01', 276368, 26),
(199, 'White Fang', 'Novela ficticia con elementos mágicos.', '1905-01-01', 653978, 0),
(200, 'Little men', 'Historia de aventuras y superación personal.', '1885-01-01', 123257, 0),
(201, 'Der Antichrist', 'Obra poética cargada de emociones.', '1895-01-01', 66536, 0),
(202, 'The Complete Sherlock Holmes [4 novels, 56 stories]', 'Novela ficticia con elementos mágicos.', '1900-01-01', 215398, 26),
(203, 'Les Trois Mousquetaires', 'Cuentos breves que exploran la condición humana.', '1844-01-01', 654154, 0),
(204, 'Inferno', 'Historia de aventuras y superación personal.', '1767-01-01', 852851, 0),
(205, 'English grammar', 'Cuentos breves que exploran la condición humana.', '1795-01-01', 793542, 0),
(206, 'Das Kapital', 'Historia de aventuras y superación personal.', '1867-01-01', 14301, 0),
(207, 'The House of the Seven Gables', 'Cuentos breves que exploran la condición humana.', '1851-01-01', 119693, 0),
(208, 'Essay concerning human understanding', 'Novela ficticia con elementos mágicos.', '1689-01-01', 735874, 0),
(209, 'Henry Moore', 'Cuentos breves que exploran la condición humana.', '1934-01-01', 953859, 0),
(210, 'Идіотъ', 'Novela ficticia con elementos mágicos.', '1880-01-01', 64531, 0),
(211, 'Bleak House', 'Obra poética cargada de emociones.', '1850-01-01', 463492, 0),
(212, 'L’étranger', 'Historia de aventuras y superación personal.', '1942-01-01', 564017, 0),
(213, 'The Importance of Being Earnest', 'Novela ficticia con elementos mágicos.', '1893-01-01', 729474, 25),
(214, 'Nineteen Eighty-Four', 'Ensayo profundo sobre la sociedad.', '1949-01-01', 800020, 15),
(215, 'Brave New World', 'Ensayo profundo sobre la sociedad.', '1932-01-01', 612826, 0),
(216, 'Le rouge et le noir', 'Historia de aventuras y superación personal.', '1830-01-01', 891877, 0),
(217, 'Jane Eyre', 'Novela ficticia con elementos mágicos.', '1847-01-01', 986646, 0),
(218, 'Anne''s House of Dreams', 'Novela ficticia con elementos mágicos.', '1917-01-01', 855299, 16),
(219, 'The Jungle Book', 'Cuentos breves que exploran la condición humana.', '1893-01-01', 282527, 0),
(220, 'Lady Chatterley''s Lover', 'Cuentos breves que exploran la condición humana.', '1900-01-01', 762150, 11),
(221, 'कामसूत्र', 'Historia de aventuras y superación personal.', '1883-01-01', 478672, 0),
(222, 'The Return of Sherlock Holmes', 'Novela ficticia con elementos mágicos.', '1903-01-01', 535536, 26),
(223, 'Преступление и наказание', 'Historia de aventuras y superación personal.', '1866-01-01', 210716, 0),
(224, 'The Railway Children', 'Cuentos breves que exploran la condición humana.', '1900-01-01', 437698, 3),
(225, 'Three Men in a Boat (to say nothing of the dog)', 'Historia de aventuras y superación personal.', '1889-01-01', 657842, 0),
(226, 'Picasso', 'Obra poética cargada de emociones.', '1926-01-01', 576110, 0),
(227, 'Ἰλιάς', 'Historia de aventuras y superación personal.', '1505-01-01', 881013, 0),
(228, 'Northanger Abbey', 'Obra poética cargada de emociones.', '1818-01-01', 370173, 27),
(229, 'Essais', 'Historia de aventuras y superación personal.', '1600-01-01', 226627, 0),
(230, 'War and Peace', 'Historia de aventuras y superación personal.', '1864-01-01', 38281, 0),
(231, 'Imitation of Christ', 'Cuentos breves que exploran la condición humana.', '1568-01-01', 33055, 0),
(232, 'Aeneis', 'Ensayo profundo sobre la sociedad.', '1710-01-01', 210809, 0),
(233, 'Oliver Twist', 'Ensayo profundo sobre la sociedad.', '1822-01-01', 374978, 0),
(234, 'Persuasion', 'Cuentos breves que exploran la condición humana.', '1789-01-01', 263700, 27),
(235, 'Ὀδύσσεια', 'Obra poética cargada de emociones.', '1488-01-01', 174456, 0),
(236, 'The Adventures of Sherlock Holmes [12 stories]', 'Ensayo profundo sobre la sociedad.', '1892-01-01', 452920, 26),
(237, 'De rerum natura', 'Historia de aventuras y superación personal.', '1486-01-01', 517896, 0),
(238, 'The Hound of the Baskervilles', 'Historia de aventuras y superación personal.', '1900-01-01', 212069, 26),
(239, 'Faust', 'Obra poética cargada de emociones.', '1800-01-01', 685369, 0),
(240, 'Little Women', 'Historia de aventuras y superación personal.', '1848-01-01', 468666, 0),
(241, 'Laws, etc', 'Ensayo profundo sobre la sociedad.', '1691-01-01', 250343, 0),
(242, 'American notes', 'Novela ficticia con elementos mágicos.', '1800-01-01', 380751, 0),
(243, 'Sonnenfinsternis', 'Cuentos breves que exploran la condición humana.', '1940-01-01', 739715, 0),
(244, 'Ars Amatoria', 'Obra poética cargada de emociones.', '1494-01-01', 56442, 0),
(245, 'Memoirs of Fanny Hill', 'Historia de aventuras y superación personal.', '1749-01-01', 628395, 0),
(246, 'Evelina', 'Historia de aventuras y superación personal.', '1778-01-01', 899587, 0),
(247, 'The History of Tom Jones', 'Novela ficticia con elementos mágicos.', '1749-01-01', 570775, 0),
(248, 'The Alhambra', 'Historia de aventuras y superación personal.', '1800-01-01', 812286, 0),
(249, 'Rime of the ancient mariner', 'Cuentos breves que exploran la condición humana.', '1827-01-01', 405875, 0),
(250, 'The Shining', 'Historia de aventuras y superación personal.', '1977-01-01', 267325, 0),
(251, 'The Innocents Abroad', 'Obra poética cargada de emociones.', '1800-01-01', 803208, 21),
(252, 'Amerika', 'Novela ficticia con elementos mágicos.', '1927-01-01', 752194, 0),
(253, 'La père Goriot', 'Ensayo profundo sobre la sociedad.', '1800-01-01', 962605, 0),
(254, 'East of Eden', 'Ensayo profundo sobre la sociedad.', '1952-01-01', 767932, 48),
(255, 'Things Fall Apart', 'Obra poética cargada de emociones.', '1958-01-01', 725779, 0),
(256, 'Georg Baselitz', 'Novela ficticia con elementos mágicos.', '1970-01-01', 849761, 0),
(257, 'Cato', 'Novela ficticia con elementos mágicos.', '1713-01-01', 986295, 0),
(258, 'Jude the Obscure', 'Cuentos breves que exploran la condición humana.', '1895-01-01', 560742, 0),
(259, 'Tropic of Cancer', 'Historia de aventuras y superación personal.', '1934-01-01', 249309, 0),
(260, 'The Everlasting Man', 'Novela ficticia con elementos mágicos.', '1925-01-01', 982052, 13),
(261, 'The guide of the perplexed of Maimonides', 'Novela ficticia con elementos mágicos.', '1473-01-01', 335909, 0),
(262, 'America', 'Obra poética cargada de emociones.', '1984-01-01', 235789, 0),
(263, 'Narziss und Goldmund', 'Cuentos breves que exploran la condición humana.', '1930-01-01', 336556, 0),
(264, 'The Fall of the House of Usher', 'Historia de aventuras y superación personal.', '1839-01-01', 686884, 0),
(265, 'Insurgent', 'Novela ficticia con elementos mágicos.', '2011-01-01', 110358, 0),
(266, 'La dame aux camélias [novel]', 'Obra poética cargada de emociones.', '1848-01-01', 947817, 0),
(267, 'The Nightingale', 'Historia de aventuras y superación personal.', '2000-01-01', 691299, 0),
(268, 'Rising Tides', 'Ensayo profundo sobre la sociedad.', '1998-01-01', 556122, 0),
(269, 'Powerful Stranger', 'Ensayo profundo sobre la sociedad.', '1993-01-01', 134877, 0),
(270, 'Expecting the Playboy''s Heir', 'Novela ficticia con elementos mágicos.', '2005-01-01', 250510, 0),
(271, 'Vidas secas', 'Ensayo profundo sobre la sociedad.', '1964-01-01', 580929, 0),
(272, 'Mademoiselle de Maupin', 'Ensayo profundo sobre la sociedad.', '1834-01-01', 737611, 0),
(273, 'Captain Corelli''s Mandolin', 'Ensayo profundo sobre la sociedad.', '1994-01-01', 376182, 0),
(274, 'Sofies verden', 'Novela ficticia con elementos mágicos.', '1991-01-01', 145837, 0),
(275, 'Silent Vows', 'Ensayo profundo sobre la sociedad.', '2022-01-01', 404622, 0),
(276, 'Sea Swept', 'Obra poética cargada de emociones.', '1968-01-01', 591120, 0),
(277, 'Homeport', 'Novela ficticia con elementos mágicos.', '1998-01-01', 124941, 0),
(278, 'Me Before You', 'Cuentos breves que exploran la condición humana.', '2012-01-01', 831555, 0),
(279, 'Dead Until Dark (Sookie Stackhouse, #1)', 'Ensayo profundo sobre la sociedad.', '2001-01-01', 713581, 0),
(280, 'The end of the affair', 'Obra poética cargada de emociones.', '1951-01-01', 195269, 0),
(281, 'De amor y de sombra', 'Cuentos breves que exploran la condición humana.', '1984-01-01', 531141, 0),
(282, 'Fallen Hearts', 'Cuentos breves que exploran la condición humana.', '1988-01-01', 53517, 0),
(283, 'The hours', 'Cuentos breves que exploran la condición humana.', '1998-01-01', 65383, 0),
(284, 'Melmoth the Wanderer', 'Obra poética cargada de emociones.', '1820-01-01', 132740, 0),
(285, 'Darling Venom', 'Ensayo profundo sobre la sociedad.', '2021-01-01', 344758, 0),
(286, 'Mademoiselle Fifi', 'Cuentos breves que exploran la condición humana.', '1882-01-01', 503828, 0),
(287, 'The Rosie Project', 'Cuentos breves que exploran la condición humana.', '2013-01-01', 971063, 0),
(288, 'Just Like Heaven', 'Novela ficticia con elementos mágicos.', '2011-01-01', 709276, 0),
(289, 'The Italian''s Inexperienced Mistress', 'Obra poética cargada de emociones.', '2007-01-01', 632718, 0),
(290, 'Passionate Scandal', 'Ensayo profundo sobre la sociedad.', '1994-01-01', 457957, 0),
(291, 'All the Pretty Horses', 'Ensayo profundo sobre la sociedad.', '1992-01-01', 298283, 0),
(292, 'The complete works of Robert Browning Volume XVI', 'Novela ficticia con elementos mágicos.', '1800-01-01', 493569, 0),
(293, 'La place', 'Obra poética cargada de emociones.', '1983-01-01', 479842, 0),
(294, 'Seduction', 'Novela ficticia con elementos mágicos.', '1981-01-01', 890752, 0),
(295, 'The Crystal Cave', 'Cuentos breves que exploran la condición humana.', '1970-01-01', 7778, 0),
(296, 'Magic Fishbone', 'Ensayo profundo sobre la sociedad.', '1911-01-01', 51766, 0),
(297, 'Painted Scars', 'Cuentos breves que exploran la condición humana.', '2022-01-01', 942469, 0),
(298, 'Honest Illusions', 'Historia de aventuras y superación personal.', '1992-01-01', 343784, 0),
(299, 'Born in Fire', 'Novela ficticia con elementos mágicos.', '1994-01-01', 159391, 0),
(300, 'Water for Elephants', 'Novela ficticia con elementos mágicos.', '2006-01-01', 957012, 0);

-- Insertar reseñas
INSERT INTO reviews (book_id, review_text, rating, positive_votes) VALUES
(1, 'Would recommend', 5, 41),
(1, 'Would recommend', 3, 49),
(1, 'Too slow', 1, 42),
(1, 'Not bad', 5, 17),
(1, 'Not bad', 3, 35),
(1, 'Loved the characters', 4, 19),
(1, 'Would recommend', 2, 34),
(2, 'Too slow', 3, 3),
(2, 'Amazing read!', 3, 24),
(2, 'Would recommend', 5, 36),
(2, 'Not bad', 2, 0),
(2, 'Amazing read!', 2, 46),
(2, 'Would recommend', 4, 28),
(2, 'Loved the characters', 2, 17),
(2, 'Amazing read!', 1, 18),
(2, 'Would recommend', 4, 17),
(3, 'Too slow', 4, 26),
(3, 'Would recommend', 4, 13),
(3, 'Would recommend', 2, 5),
(3, 'Too slow', 3, 23),
(3, 'Amazing read!', 4, 41),
(3, 'Would recommend', 2, 30),
(3, 'Too slow', 4, 31),
(4, 'Would recommend', 2, 25),
(4, 'Loved the characters', 3, 6),
(4, 'Loved the characters', 5, 21),
(4, 'Too slow', 2, 43),
(4, 'Too slow', 3, 4),
(4, 'Not bad', 2, 30),
(5, 'Not bad', 1, 8),
(5, 'Loved the characters', 1, 8),
(5, 'Not bad', 5, 1),
(5, 'Loved the characters', 2, 41),
(5, 'Amazing read!', 3, 36),
(5, 'Too slow', 3, 22),
(5, 'Not bad', 5, 8),
(6, 'Amazing read!', 1, 9),
(7, 'Would recommend', 4, 44),
(7, 'Not bad', 3, 28),
(7, 'Not bad', 4, 24),
(7, 'Amazing read!', 3, 18),
(7, 'Would recommend', 4, 25),
(7, 'Would recommend', 5, 12),
(7, 'Not bad', 2, 44),
(7, 'Loved the characters', 3, 41),
(7, 'Not bad', 5, 14),
(8, 'Not bad', 2, 8),
(8, 'Too slow', 5, 25),
(8, 'Would recommend', 5, 32),
(9, 'Amazing read!', 1, 21),
(9, 'Not bad', 1, 7),
(10, 'Amazing read!', 1, 22),
(11, 'Loved the characters', 2, 28),
(11, 'Would recommend', 1, 16),
(11, 'Not bad', 3, 6),
(11, 'Too slow', 1, 9),
(11, 'Loved the characters', 2, 25),
(11, 'Would recommend', 5, 20),
(11, 'Too slow', 3, 6),
(12, 'Amazing read!', 3, 22),
(12, 'Not bad', 3, 40),
(12, 'Not bad', 4, 19),
(12, 'Loved the characters', 5, 7),
(12, 'Too slow', 5, 29),
(13, 'Would recommend', 4, 22),
(13, 'Amazing read!', 2, 48),
(13, 'Loved the characters', 1, 28),
(13, 'Too slow', 1, 7),
(13, 'Would recommend', 1, 17),
(13, 'Too slow', 2, 49),
(13, 'Would recommend', 5, 23),
(14, 'Not bad', 4, 13),
(14, 'Would recommend', 3, 18),
(14, 'Too slow', 3, 18),
(14, 'Amazing read!', 5, 1),
(14, 'Loved the characters', 1, 7),
(14, 'Too slow', 4, 38),
(14, 'Would recommend', 3, 26),
(14, 'Would recommend', 2, 30),
(14, 'Not bad', 2, 43),
(15, 'Too slow', 1, 32),
(15, 'Loved the characters', 3, 29),
(15, 'Too slow', 2, 44),
(15, 'Loved the characters', 1, 7),
(15, 'Loved the characters', 4, 29),
(15, 'Would recommend', 2, 31),
(15, 'Too slow', 1, 1),
(16, 'Loved the characters', 1, 37),
(16, 'Amazing read!', 1, 43),
(16, 'Not bad', 1, 19),
(16, 'Loved the characters', 4, 15),
(16, 'Not bad', 5, 29),
(16, 'Not bad', 4, 0),
(16, 'Not bad', 5, 24),
(17, 'Would recommend', 1, 36),
(17, 'Too slow', 5, 4),
(17, 'Amazing read!', 3, 1),
(17, 'Not bad', 1, 30),
(18, 'Loved the characters', 5, 3),
(18, 'Would recommend', 3, 32),
(18, 'Too slow', 3, 25),
(18, 'Not bad', 5, 10),
(18, 'Would recommend', 4, 23),
(18, 'Not bad', 4, 2),
(19, 'Loved the characters', 4, 13),
(19, 'Not bad', 1, 7),
(19, 'Loved the characters', 3, 32),
(19, 'Amazing read!', 2, 33),
(19, 'Too slow', 3, 44),
(19, 'Too slow', 1, 37),
(19, 'Not bad', 1, 22),
(19, 'Loved the characters', 3, 3),
(19, 'Amazing read!', 3, 35),
(20, 'Not bad', 5, 16),
(20, 'Not bad', 4, 50),
(21, 'Amazing read!', 3, 48),
(21, 'Not bad', 5, 16),
(21, 'Too slow', 3, 30),
(21, 'Too slow', 5, 31),
(21, 'Would recommend', 2, 13),
(21, 'Would recommend', 5, 27),
(21, 'Loved the characters', 2, 26),
(21, 'Loved the characters', 3, 14),
(22, 'Amazing read!', 2, 41),
(22, 'Not bad', 1, 2),
(22, 'Amazing read!', 2, 46),
(22, 'Loved the characters', 1, 44),
(22, 'Would recommend', 1, 41),
(22, 'Amazing read!', 5, 48),
(22, 'Too slow', 5, 1),
(22, 'Not bad', 5, 22),
(22, 'Amazing read!', 1, 15),
(22, 'Too slow', 4, 5),
(23, 'Not bad', 5, 17),
(23, 'Would recommend', 5, 5),
(23, 'Would recommend', 5, 31),
(23, 'Too slow', 5, 50),
(23, 'Would recommend', 2, 28),
(23, 'Too slow', 4, 48),
(23, 'Too slow', 1, 12),
(23, 'Loved the characters', 2, 26),
(24, 'Not bad', 4, 10),
(24, 'Loved the characters', 2, 15),
(24, 'Not bad', 5, 7),
(24, 'Would recommend', 1, 7),
(24, 'Loved the characters', 4, 18),
(25, 'Too slow', 5, 30),
(25, 'Would recommend', 3, 37),
(25, 'Not bad', 1, 21),
(25, 'Loved the characters', 4, 29),
(25, 'Amazing read!', 5, 14),
(25, 'Amazing read!', 1, 17),
(25, 'Amazing read!', 1, 32),
(25, 'Amazing read!', 1, 42),
(25, 'Would recommend', 5, 42),
(25, 'Amazing read!', 2, 15),
(26, 'Too slow', 5, 41),
(26, 'Would recommend', 2, 0),
(26, 'Would recommend', 4, 10),
(26, 'Would recommend', 2, 10),
(26, 'Not bad', 3, 4),
(26, 'Amazing read!', 1, 1),
(26, 'Not bad', 1, 22),
(26, 'Not bad', 4, 44),
(26, 'Too slow', 2, 48),
(26, 'Amazing read!', 3, 40),
(27, 'Amazing read!', 2, 5),
(27, 'Would recommend', 3, 47),
(27, 'Loved the characters', 1, 18),
(27, 'Would recommend', 3, 22),
(27, 'Too slow', 1, 15),
(27, 'Amazing read!', 2, 45),
(27, 'Would recommend', 2, 30),
(28, 'Too slow', 4, 24),
(28, 'Amazing read!', 1, 12),
(28, 'Loved the characters', 5, 44),
(28, 'Loved the characters', 4, 35),
(29, 'Amazing read!', 5, 14),
(29, 'Amazing read!', 2, 46),
(29, 'Too slow', 4, 15),
(29, 'Too slow', 3, 31),
(29, 'Amazing read!', 2, 23),
(30, 'Too slow', 1, 5),
(30, 'Amazing read!', 3, 10),
(30, 'Would recommend', 3, 24),
(30, 'Not bad', 3, 4),
(30, 'Amazing read!', 5, 39),
(30, 'Loved the characters', 5, 28),
(30, 'Too slow', 2, 46),
(31, 'Would recommend', 3, 45),
(31, 'Too slow', 5, 34),
(31, 'Loved the characters', 3, 33),
(31, 'Amazing read!', 4, 35),
(31, 'Not bad', 4, 43),
(31, 'Too slow', 5, 46),
(31, 'Amazing read!', 3, 50),
(31, 'Too slow', 2, 5),
(31, 'Loved the characters', 5, 27),
(31, 'Loved the characters', 3, 50),
(32, 'Too slow', 3, 32),
(33, 'Too slow', 5, 43),
(33, 'Amazing read!', 4, 21),
(33, 'Not bad', 4, 26),
(33, 'Not bad', 5, 40),
(33, 'Too slow', 5, 19),
(33, 'Amazing read!', 4, 15),
(34, 'Would recommend', 3, 21),
(34, 'Amazing read!', 2, 22),
(34, 'Too slow', 3, 25),
(34, 'Would recommend', 5, 14),
(34, 'Amazing read!', 5, 37),
(35, 'Not bad', 3, 11),
(35, 'Amazing read!', 4, 31),
(36, 'Would recommend', 2, 1),
(37, 'Loved the characters', 5, 6),
(37, 'Not bad', 3, 2),
(37, 'Would recommend', 1, 50),
(38, 'Would recommend', 2, 23),
(38, 'Loved the characters', 2, 28),
(38, 'Loved the characters', 5, 0),
(38, 'Would recommend', 5, 6),
(38, 'Too slow', 4, 46),
(38, 'Too slow', 4, 5),
(39, 'Not bad', 1, 10),
(39, 'Too slow', 1, 22),
(39, 'Would recommend', 2, 1),
(39, 'Amazing read!', 5, 41),
(40, 'Would recommend', 2, 6),
(40, 'Too slow', 1, 23),
(40, 'Too slow', 5, 15),
(40, 'Would recommend', 5, 15),
(40, 'Not bad', 3, 27),
(40, 'Loved the characters', 5, 15),
(40, 'Too slow', 5, 25),
(40, 'Loved the characters', 3, 49),
(40, 'Loved the characters', 3, 48),
(41, 'Not bad', 2, 37),
(41, 'Amazing read!', 1, 10),
(41, 'Would recommend', 4, 16),
(41, 'Not bad', 5, 32),
(41, 'Loved the characters', 1, 35),
(41, 'Loved the characters', 1, 26),
(42, 'Amazing read!', 3, 46),
(42, 'Too slow', 3, 17),
(42, 'Amazing read!', 3, 26),
(42, 'Would recommend', 3, 22),
(42, 'Too slow', 1, 8),
(42, 'Would recommend', 5, 33),
(42, 'Would recommend', 1, 48),
(42, 'Loved the characters', 4, 22),
(43, 'Not bad', 4, 8),
(43, 'Would recommend', 5, 13),
(43, 'Too slow', 3, 14),
(43, 'Not bad', 1, 43),
(43, 'Loved the characters', 1, 14),
(43, 'Would recommend', 4, 30),
(43, 'Would recommend', 5, 25),
(43, 'Would recommend', 2, 40),
(44, 'Would recommend', 5, 9),
(44, 'Amazing read!', 2, 38),
(44, 'Not bad', 3, 23),
(45, 'Would recommend', 2, 42),
(45, 'Loved the characters', 3, 22),
(45, 'Would recommend', 2, 32),
(45, 'Not bad', 4, 14),
(45, 'Loved the characters', 1, 22),
(45, 'Would recommend', 4, 41),
(46, 'Too slow', 2, 44),
(46, 'Not bad', 4, 35),
(46, 'Too slow', 5, 8),
(46, 'Would recommend', 2, 18),
(46, 'Amazing read!', 3, 9),
(46, 'Amazing read!', 5, 15),
(46, 'Not bad', 1, 40),
(47, 'Would recommend', 2, 3),
(47, 'Amazing read!', 1, 14),
(47, 'Not bad', 1, 19),
(47, 'Loved the characters', 2, 19),
(47, 'Not bad', 5, 35),
(47, 'Loved the characters', 2, 33),
(47, 'Too slow', 5, 42),
(47, 'Not bad', 5, 43),
(48, 'Not bad', 4, 47),
(48, 'Not bad', 4, 41),
(48, 'Amazing read!', 4, 20),
(48, 'Not bad', 1, 13),
(48, 'Not bad', 2, 11),
(48, 'Too slow', 1, 37),
(48, 'Not bad', 4, 17),
(48, 'Loved the characters', 4, 7),
(48, 'Amazing read!', 2, 1),
(49, 'Would recommend', 5, 6),
(49, 'Not bad', 1, 36),
(49, 'Too slow', 4, 32),
(49, 'Too slow', 5, 13),
(49, 'Too slow', 2, 20),
(49, 'Not bad', 2, 44),
(49, 'Too slow', 5, 6),
(49, 'Amazing read!', 1, 35),
(50, 'Loved the characters', 5, 39),
(50, 'Would recommend', 2, 7),
(50, 'Loved the characters', 5, 13),
(51, 'Too slow', 5, 44),
(51, 'Not bad', 3, 34),
(51, 'Would recommend', 2, 30),
(51, 'Too slow', 5, 6),
(51, 'Loved the characters', 5, 41),
(51, 'Too slow', 3, 2),
(51, 'Would recommend', 4, 32),
(51, 'Too slow', 3, 11),
(52, 'Not bad', 1, 5),
(52, 'Loved the characters', 2, 35),
(52, 'Loved the characters', 5, 40),
(52, 'Loved the characters', 4, 29),
(52, 'Loved the characters', 5, 15),
(53, 'Not bad', 2, 38),
(53, 'Too slow', 4, 39),
(53, 'Amazing read!', 5, 21),
(53, 'Loved the characters', 1, 23),
(53, 'Not bad', 1, 15),
(54, 'Not bad', 3, 3),
(54, 'Not bad', 5, 13),
(54, 'Amazing read!', 2, 35),
(54, 'Amazing read!', 1, 33),
(54, 'Not bad', 5, 14),
(54, 'Not bad', 2, 36),
(55, 'Too slow', 3, 3),
(55, 'Not bad', 1, 9),
(55, 'Would recommend', 1, 33),
(55, 'Not bad', 3, 24),
(56, 'Too slow', 4, 7),
(56, 'Amazing read!', 2, 20),
(56, 'Amazing read!', 3, 7),
(56, 'Too slow', 1, 47),
(56, 'Amazing read!', 3, 17),
(57, 'Too slow', 5, 49),
(57, 'Amazing read!', 4, 30),
(57, 'Would recommend', 5, 22),
(57, 'Loved the characters', 2, 28),
(57, 'Would recommend', 5, 31),
(58, 'Loved the characters', 1, 21),
(58, 'Loved the characters', 2, 29),
(58, 'Not bad', 5, 6),
(58, 'Amazing read!', 3, 39),
(58, 'Would recommend', 4, 16),
(59, 'Not bad', 3, 1),
(59, 'Too slow', 1, 35),
(60, 'Would recommend', 2, 42),
(60, 'Amazing read!', 4, 20),
(60, 'Would recommend', 5, 23),
(60, 'Too slow', 5, 9),
(60, 'Not bad', 3, 32),
(60, 'Would recommend', 1, 19),
(60, 'Amazing read!', 2, 26),
(60, 'Amazing read!', 4, 32),
(60, 'Amazing read!', 5, 34),
(60, 'Amazing read!', 4, 36),
(61, 'Not bad', 3, 22),
(61, 'Not bad', 3, 28),
(61, 'Too slow', 3, 10),
(62, 'Would recommend', 3, 42),
(63, 'Not bad', 2, 4),
(63, 'Amazing read!', 1, 17),
(63, 'Loved the characters', 5, 5),
(63, 'Too slow', 4, 29),
(63, 'Would recommend', 5, 22),
(63, 'Would recommend', 3, 48),
(63, 'Amazing read!', 5, 12),
(63, 'Not bad', 3, 37),
(64, 'Too slow', 1, 0),
(64, 'Would recommend', 5, 18),
(64, 'Loved the characters', 3, 26),
(64, 'Not bad', 5, 21),
(64, 'Not bad', 4, 18),
(64, 'Amazing read!', 4, 43),
(64, 'Too slow', 3, 25),
(65, 'Too slow', 4, 48),
(66, 'Not bad', 1, 7),
(67, 'Amazing read!', 2, 45),
(67, 'Amazing read!', 3, 5),
(67, 'Not bad', 5, 7),
(67, 'Not bad', 5, 1),
(67, 'Too slow', 4, 17),
(68, 'Amazing read!', 1, 43),
(68, 'Would recommend', 1, 21),
(68, 'Would recommend', 3, 45),
(68, 'Would recommend', 3, 21),
(69, 'Too slow', 1, 48),
(70, 'Too slow', 2, 2),
(70, 'Amazing read!', 1, 46),
(70, 'Would recommend', 1, 15),
(70, 'Not bad', 4, 1),
(71, 'Too slow', 5, 27),
(71, 'Loved the characters', 2, 32),
(72, 'Amazing read!', 1, 30),
(72, 'Would recommend', 1, 35),
(72, 'Too slow', 2, 28),
(73, 'Would recommend', 5, 0),
(73, 'Loved the characters', 4, 30),
(73, 'Not bad', 5, 2),
(73, 'Amazing read!', 3, 1),
(73, 'Not bad', 3, 48),
(73, 'Too slow', 2, 18),
(73, 'Not bad', 2, 27),
(74, 'Not bad', 1, 1),
(74, 'Not bad', 4, 37),
(74, 'Not bad', 2, 20),
(74, 'Too slow', 3, 19),
(74, 'Loved the characters', 3, 5),
(74, 'Loved the characters', 4, 38),
(74, 'Not bad', 4, 22),
(74, 'Too slow', 1, 43),
(75, 'Would recommend', 4, 34),
(75, 'Not bad', 5, 36),
(76, 'Amazing read!', 5, 37),
(77, 'Amazing read!', 5, 43),
(77, 'Loved the characters', 4, 17),
(78, 'Too slow', 3, 29),
(78, 'Would recommend', 3, 14),
(78, 'Amazing read!', 5, 32),
(78, 'Amazing read!', 4, 32),
(78, 'Amazing read!', 1, 1),
(78, 'Not bad', 4, 39),
(78, 'Loved the characters', 2, 17),
(78, 'Too slow', 3, 13),
(78, 'Not bad', 1, 22),
(79, 'Too slow', 2, 21),
(79, 'Amazing read!', 4, 19),
(79, 'Not bad', 3, 21),
(79, 'Too slow', 4, 46),
(79, 'Too slow', 4, 13),
(79, 'Loved the characters', 5, 2),
(79, 'Amazing read!', 4, 50),
(79, 'Loved the characters', 4, 25),
(79, 'Amazing read!', 1, 5),
(79, 'Would recommend', 4, 5),
(80, 'Would recommend', 3, 16),
(80, 'Loved the characters', 4, 21),
(80, 'Too slow', 5, 4),
(80, 'Not bad', 5, 19),
(80, 'Would recommend', 3, 16),
(80, 'Loved the characters', 1, 47),
(80, 'Too slow', 4, 17),
(80, 'Too slow', 4, 30),
(80, 'Too slow', 5, 13),
(81, 'Amazing read!', 1, 6),
(81, 'Too slow', 4, 11),
(81, 'Would recommend', 2, 15),
(82, 'Not bad', 2, 19),
(82, 'Not bad', 1, 4),
(83, 'Amazing read!', 5, 5),
(83, 'Not bad', 4, 35),
(83, 'Not bad', 5, 10),
(83, 'Amazing read!', 5, 45),
(83, 'Too slow', 5, 21),
(83, 'Would recommend', 3, 45),
(83, 'Loved the characters', 5, 24),
(83, 'Too slow', 5, 36),
(83, 'Would recommend', 5, 39),
(84, 'Not bad', 5, 9),
(84, 'Too slow', 1, 39),
(84, 'Not bad', 4, 15),
(84, 'Would recommend', 3, 46),
(84, 'Too slow', 4, 50),
(84, 'Amazing read!', 5, 46),
(84, 'Loved the characters', 5, 28),
(84, 'Loved the characters', 2, 11),
(84, 'Amazing read!', 5, 12),
(84, 'Would recommend', 5, 16),
(85, 'Not bad', 4, 31),
(85, 'Not bad', 1, 24),
(85, 'Amazing read!', 3, 34),
(85, 'Loved the characters', 5, 16),
(85, 'Would recommend', 2, 43),
(85, 'Amazing read!', 4, 17),
(85, 'Loved the characters', 5, 0),
(85, 'Would recommend', 2, 19),
(85, 'Loved the characters', 3, 8),
(85, 'Too slow', 5, 11),
(86, 'Loved the characters', 4, 18),
(86, 'Loved the characters', 1, 14),
(86, 'Not bad', 3, 41),
(86, 'Not bad', 4, 25),
(86, 'Loved the characters', 4, 6),
(86, 'Would recommend', 5, 27),
(86, 'Amazing read!', 1, 19),
(87, 'Too slow', 4, 9),
(87, 'Loved the characters', 3, 36),
(87, 'Would recommend', 4, 50),
(87, 'Would recommend', 4, 41),
(87, 'Not bad', 3, 31),
(87, 'Would recommend', 2, 22),
(87, 'Loved the characters', 2, 11),
(87, 'Amazing read!', 3, 40),
(88, 'Not bad', 1, 26),
(88, 'Loved the characters', 3, 15),
(88, 'Not bad', 1, 16),
(88, 'Too slow', 2, 10),
(88, 'Loved the characters', 1, 50),
(88, 'Amazing read!', 4, 26),
(88, 'Amazing read!', 1, 34),
(89, 'Too slow', 5, 2),
(89, 'Amazing read!', 2, 26),
(89, 'Loved the characters', 1, 14),
(89, 'Not bad', 3, 18),
(89, 'Loved the characters', 3, 8),
(89, 'Loved the characters', 5, 33),
(90, 'Amazing read!', 4, 3),
(90, 'Would recommend', 1, 44),
(90, 'Too slow', 1, 42),
(90, 'Loved the characters', 2, 28),
(90, 'Amazing read!', 4, 12),
(91, 'Too slow', 4, 18),
(91, 'Too slow', 3, 9),
(91, 'Too slow', 5, 20),
(91, 'Amazing read!', 3, 33),
(91, 'Amazing read!', 1, 41),
(91, 'Too slow', 4, 42),
(92, 'Would recommend', 4, 44),
(92, 'Not bad', 4, 19),
(92, 'Too slow', 5, 16),
(93, 'Not bad', 3, 12),
(93, 'Loved the characters', 2, 24),
(93, 'Loved the characters', 5, 11),
(93, 'Amazing read!', 4, 43),
(93, 'Loved the characters', 4, 2),
(93, 'Would recommend', 4, 44),
(94, 'Would recommend', 3, 22),
(95, 'Would recommend', 5, 26),
(95, 'Would recommend', 4, 48),
(95, 'Loved the characters', 4, 2),
(95, 'Loved the characters', 1, 40),
(96, 'Too slow', 5, 40),
(96, 'Amazing read!', 2, 38),
(96, 'Not bad', 5, 25),
(96, 'Would recommend', 4, 46),
(96, 'Amazing read!', 1, 11),
(96, 'Too slow', 1, 43),
(96, 'Would recommend', 3, 13),
(96, 'Amazing read!', 3, 16),
(97, 'Loved the characters', 1, 12),
(97, 'Too slow', 4, 33),
(97, 'Too slow', 5, 40),
(97, 'Not bad', 3, 42),
(97, 'Would recommend', 1, 48),
(98, 'Would recommend', 5, 42),
(98, 'Loved the characters', 3, 9),
(98, 'Would recommend', 2, 23),
(98, 'Not bad', 2, 33),
(98, 'Would recommend', 5, 13),
(98, 'Too slow', 2, 12),
(99, 'Too slow', 5, 35),
(99, 'Loved the characters', 4, 36),
(99, 'Loved the characters', 2, 22),
(99, 'Loved the characters', 4, 14),
(100, 'Amazing read!', 4, 45),
(101, 'Too slow', 2, 30),
(101, 'Amazing read!', 5, 12),
(101, 'Would recommend', 3, 48),
(101, 'Too slow', 3, 39),
(101, 'Amazing read!', 4, 16),
(101, 'Too slow', 5, 9),
(102, 'Amazing read!', 5, 50),
(102, 'Not bad', 4, 50),
(102, 'Would recommend', 5, 38),
(102, 'Amazing read!', 5, 4),
(102, 'Loved the characters', 1, 43),
(102, 'Too slow', 1, 32),
(102, 'Too slow', 1, 47),
(102, 'Would recommend', 5, 46),
(102, 'Amazing read!', 1, 19),
(103, 'Too slow', 4, 49),
(103, 'Loved the characters', 4, 1),
(103, 'Too slow', 1, 25),
(103, 'Too slow', 5, 0),
(103, 'Not bad', 5, 33),
(103, 'Too slow', 5, 8),
(103, 'Too slow', 4, 38),
(104, 'Loved the characters', 4, 15),
(104, 'Loved the characters', 1, 46),
(105, 'Loved the characters', 3, 17),
(106, 'Not bad', 4, 12),
(106, 'Loved the characters', 3, 38),
(106, 'Amazing read!', 5, 43),
(106, 'Loved the characters', 5, 18),
(106, 'Amazing read!', 5, 12),
(107, 'Would recommend', 2, 16),
(107, 'Loved the characters', 4, 31),
(108, 'Would recommend', 1, 27),
(108, 'Loved the characters', 2, 39),
(108, 'Would recommend', 4, 36),
(108, 'Too slow', 2, 13),
(108, 'Not bad', 5, 5),
(108, 'Loved the characters', 4, 5),
(108, 'Amazing read!', 2, 41),
(109, 'Amazing read!', 5, 2),
(109, 'Would recommend', 3, 22),
(109, 'Too slow', 5, 23),
(109, 'Not bad', 5, 16),
(109, 'Not bad', 4, 25),
(110, 'Loved the characters', 4, 45),
(110, 'Too slow', 2, 13),
(110, 'Too slow', 2, 20),
(111, 'Loved the characters', 4, 32),
(111, 'Would recommend', 5, 12),
(111, 'Would recommend', 5, 11),
(111, 'Amazing read!', 1, 27),
(111, 'Loved the characters', 5, 2),
(111, 'Loved the characters', 2, 38),
(111, 'Too slow', 4, 16),
(111, 'Would recommend', 3, 34),
(112, 'Not bad', 3, 50),
(112, 'Would recommend', 1, 38),
(112, 'Amazing read!', 2, 39),
(112, 'Too slow', 5, 31),
(112, 'Too slow', 3, 44),
(112, 'Not bad', 4, 43),
(112, 'Loved the characters', 2, 37),
(113, 'Amazing read!', 1, 20),
(113, 'Not bad', 5, 46),
(113, 'Amazing read!', 1, 37),
(113, 'Would recommend', 4, 48),
(114, 'Not bad', 4, 44),
(114, 'Amazing read!', 5, 45),
(114, 'Would recommend', 1, 46),
(114, 'Loved the characters', 2, 44),
(114, 'Too slow', 1, 48),
(114, 'Would recommend', 2, 50),
(114, 'Not bad', 4, 45),
(114, 'Would recommend', 1, 42),
(114, 'Loved the characters', 2, 31),
(115, 'Loved the characters', 3, 21),
(115, 'Loved the characters', 3, 29),
(115, 'Too slow', 2, 26),
(115, 'Too slow', 2, 23),
(115, 'Loved the characters', 3, 30),
(115, 'Not bad', 5, 20),
(115, 'Loved the characters', 2, 13),
(115, 'Amazing read!', 1, 37),
(115, 'Would recommend', 3, 2),
(116, 'Too slow', 3, 2),
(116, 'Amazing read!', 3, 25),
(116, 'Would recommend', 1, 47),
(116, 'Amazing read!', 1, 0),
(116, 'Amazing read!', 1, 14),
(116, 'Loved the characters', 5, 13),
(116, 'Not bad', 5, 17),
(117, 'Too slow', 5, 13),
(117, 'Loved the characters', 2, 25),
(117, 'Loved the characters', 5, 43),
(117, 'Would recommend', 5, 28),
(118, 'Not bad', 5, 17),
(119, 'Not bad', 1, 38),
(119, 'Amazing read!', 5, 1),
(119, 'Would recommend', 1, 30),
(119, 'Too slow', 3, 10),
(119, 'Too slow', 3, 21),
(119, 'Too slow', 1, 27),
(119, 'Loved the characters', 1, 49),
(119, 'Not bad', 3, 46),
(119, 'Loved the characters', 4, 18),
(120, 'Would recommend', 2, 35),
(120, 'Would recommend', 3, 41),
(120, 'Would recommend', 3, 39),
(121, 'Would recommend', 2, 46),
(121, 'Too slow', 3, 1),
(121, 'Too slow', 2, 24),
(121, 'Not bad', 5, 49),
(122, 'Too slow', 1, 19),
(122, 'Not bad', 2, 24),
(122, 'Amazing read!', 4, 11),
(122, 'Too slow', 3, 36),
(122, 'Would recommend', 4, 7),
(123, 'Loved the characters', 4, 12),
(124, 'Would recommend', 2, 35),
(124, 'Not bad', 4, 45),
(124, 'Too slow', 5, 31),
(124, 'Too slow', 1, 7),
(125, 'Would recommend', 5, 48),
(125, 'Not bad', 5, 50),
(125, 'Would recommend', 5, 12),
(125, 'Loved the characters', 3, 3),
(125, 'Amazing read!', 2, 17),
(125, 'Would recommend', 3, 1),
(125, 'Would recommend', 2, 47),
(125, 'Would recommend', 1, 39),
(126, 'Not bad', 3, 24),
(126, 'Not bad', 2, 40),
(126, 'Would recommend', 2, 8),
(126, 'Loved the characters', 3, 30),
(126, 'Too slow', 1, 40),
(126, 'Would recommend', 3, 13),
(126, 'Loved the characters', 2, 0),
(126, 'Not bad', 1, 6),
(126, 'Amazing read!', 5, 14),
(126, 'Would recommend', 2, 1),
(127, 'Would recommend', 1, 18),
(127, 'Not bad', 5, 13),
(127, 'Too slow', 2, 2),
(127, 'Too slow', 1, 23),
(127, 'Would recommend', 1, 18),
(127, 'Would recommend', 4, 34),
(127, 'Not bad', 3, 36),
(127, 'Not bad', 3, 4),
(127, 'Loved the characters', 3, 16),
(128, 'Loved the characters', 5, 5),
(128, 'Loved the characters', 5, 8),
(128, 'Amazing read!', 2, 39),
(128, 'Amazing read!', 1, 24),
(128, 'Too slow', 2, 11),
(128, 'Too slow', 4, 13),
(128, 'Amazing read!', 3, 35),
(128, 'Not bad', 2, 24),
(128, 'Not bad', 4, 16),
(129, 'Too slow', 1, 2),
(130, 'Amazing read!', 3, 39),
(130, 'Not bad', 4, 27),
(130, 'Not bad', 1, 43),
(130, 'Loved the characters', 1, 37),
(130, 'Loved the characters', 5, 38),
(130, 'Too slow', 1, 44),
(130, 'Would recommend', 4, 0),
(130, 'Amazing read!', 1, 41),
(130, 'Not bad', 2, 43),
(130, 'Loved the characters', 5, 18),
(131, 'Too slow', 2, 6),
(131, 'Loved the characters', 3, 44),
(131, 'Would recommend', 4, 24),
(131, 'Not bad', 2, 35),
(131, 'Amazing read!', 5, 29),
(131, 'Would recommend', 5, 1),
(131, 'Amazing read!', 2, 35),
(131, 'Would recommend', 1, 39),
(132, 'Not bad', 3, 14),
(132, 'Would recommend', 1, 36),
(133, 'Would recommend', 4, 20),
(133, 'Amazing read!', 3, 25),
(134, 'Loved the characters', 2, 29),
(134, 'Amazing read!', 2, 12),
(134, 'Amazing read!', 2, 13),
(134, 'Not bad', 4, 39),
(134, 'Loved the characters', 2, 43),
(134, 'Loved the characters', 5, 7),
(134, 'Would recommend', 4, 22),
(134, 'Amazing read!', 3, 40),
(134, 'Would recommend', 2, 49),
(135, 'Would recommend', 1, 44),
(135, 'Would recommend', 2, 0),
(135, 'Not bad', 2, 6),
(135, 'Amazing read!', 3, 41),
(135, 'Not bad', 3, 40),
(135, 'Would recommend', 4, 18),
(135, 'Amazing read!', 1, 20),
(135, 'Amazing read!', 3, 30),
(136, 'Too slow', 1, 12),
(136, 'Would recommend', 5, 25),
(136, 'Amazing read!', 5, 47),
(136, 'Not bad', 5, 2),
(136, 'Amazing read!', 2, 12),
(136, 'Amazing read!', 3, 10),
(136, 'Amazing read!', 3, 46),
(137, 'Too slow', 5, 6),
(138, 'Loved the characters', 3, 26),
(139, 'Not bad', 3, 9),
(140, 'Loved the characters', 5, 46),
(140, 'Loved the characters', 3, 18),
(140, 'Not bad', 4, 17),
(140, 'Would recommend', 4, 42),
(140, 'Would recommend', 5, 49),
(140, 'Too slow', 1, 25),
(141, 'Amazing read!', 2, 18),
(142, 'Too slow', 3, 50),
(142, 'Amazing read!', 5, 40),
(142, 'Loved the characters', 2, 9),
(142, 'Not bad', 2, 48),
(142, 'Would recommend', 1, 45),
(142, 'Loved the characters', 2, 17),
(143, 'Too slow', 3, 43),
(143, 'Too slow', 4, 23),
(143, 'Amazing read!', 1, 27),
(143, 'Too slow', 1, 35),
(143, 'Loved the characters', 4, 5),
(143, 'Loved the characters', 5, 30),
(143, 'Amazing read!', 3, 26),
(143, 'Amazing read!', 2, 5),
(143, 'Too slow', 4, 46),
(143, 'Amazing read!', 1, 10),
(144, 'Not bad', 4, 2),
(144, 'Too slow', 1, 24),
(144, 'Too slow', 2, 24),
(145, 'Not bad', 4, 28),
(145, 'Amazing read!', 5, 6),
(145, 'Would recommend', 5, 24),
(145, 'Not bad', 2, 17),
(145, 'Not bad', 5, 19),
(146, 'Loved the characters', 1, 14),
(146, 'Would recommend', 4, 8),
(146, 'Loved the characters', 5, 7),
(147, 'Amazing read!', 4, 8),
(147, 'Loved the characters', 2, 47),
(148, 'Would recommend', 5, 7),
(148, 'Loved the characters', 2, 23),
(148, 'Not bad', 5, 0),
(148, 'Amazing read!', 2, 14),
(148, 'Not bad', 3, 28),
(148, 'Amazing read!', 4, 48),
(148, 'Too slow', 2, 35),
(148, 'Amazing read!', 3, 30),
(148, 'Would recommend', 5, 47),
(148, 'Too slow', 2, 35),
(149, 'Would recommend', 5, 42),
(149, 'Not bad', 2, 13),
(149, 'Not bad', 3, 10),
(149, 'Would recommend', 4, 27),
(149, 'Too slow', 4, 11),
(149, 'Too slow', 2, 8),
(150, 'Too slow', 1, 37),
(151, 'Too slow', 5, 15),
(151, 'Too slow', 5, 11),
(151, 'Too slow', 2, 46),
(151, 'Loved the characters', 1, 30),
(151, 'Would recommend', 3, 11),
(151, 'Amazing read!', 1, 32),
(151, 'Amazing read!', 4, 3),
(152, 'Too slow', 2, 3),
(152, 'Loved the characters', 3, 9),
(152, 'Not bad', 4, 32),
(152, 'Amazing read!', 1, 36),
(152, 'Loved the characters', 1, 4),
(152, 'Not bad', 1, 34),
(152, 'Not bad', 1, 32),
(152, 'Amazing read!', 1, 43),
(152, 'Not bad', 3, 45),
(152, 'Amazing read!', 2, 30),
(153, 'Amazing read!', 1, 15),
(153, 'Would recommend', 4, 11),
(154, 'Amazing read!', 3, 3),
(154, 'Amazing read!', 3, 2),
(154, 'Too slow', 2, 45),
(154, 'Amazing read!', 2, 4),
(154, 'Would recommend', 1, 17),
(154, 'Amazing read!', 3, 23),
(154, 'Would recommend', 1, 34),
(155, 'Too slow', 4, 50),
(155, 'Amazing read!', 4, 45),
(155, 'Amazing read!', 1, 13),
(155, 'Would recommend', 4, 37),
(155, 'Would recommend', 5, 42),
(155, 'Would recommend', 5, 13),
(155, 'Loved the characters', 1, 10),
(155, 'Not bad', 4, 0),
(156, 'Not bad', 4, 48),
(156, 'Too slow', 2, 1),
(156, 'Not bad', 4, 10),
(156, 'Would recommend', 3, 45),
(156, 'Would recommend', 4, 8),
(156, 'Amazing read!', 1, 13),
(156, 'Loved the characters', 3, 17),
(156, 'Loved the characters', 2, 26),
(156, 'Too slow', 5, 41),
(156, 'Too slow', 2, 26),
(157, 'Would recommend', 5, 3),
(157, 'Not bad', 5, 49),
(157, 'Would recommend', 2, 40),
(157, 'Too slow', 4, 8),
(157, 'Loved the characters', 3, 32),
(157, 'Would recommend', 5, 26),
(157, 'Loved the characters', 5, 3),
(157, 'Loved the characters', 3, 40),
(157, 'Too slow', 2, 23),
(158, 'Amazing read!', 3, 19),
(158, 'Not bad', 3, 11),
(158, 'Loved the characters', 1, 12),
(158, 'Would recommend', 1, 21),
(158, 'Would recommend', 1, 14),
(158, 'Loved the characters', 1, 40),
(158, 'Loved the characters', 1, 18),
(158, 'Would recommend', 3, 33),
(158, 'Would recommend', 3, 49),
(158, 'Too slow', 3, 45),
(159, 'Loved the characters', 2, 37),
(159, 'Amazing read!', 1, 48),
(159, 'Amazing read!', 3, 1),
(159, 'Amazing read!', 4, 50),
(159, 'Too slow', 4, 41),
(159, 'Amazing read!', 3, 50),
(159, 'Too slow', 5, 35),
(160, 'Not bad', 3, 21),
(160, 'Too slow', 3, 27),
(160, 'Not bad', 1, 11),
(160, 'Amazing read!', 5, 10),
(160, 'Amazing read!', 5, 39),
(161, 'Not bad', 3, 33),
(161, 'Amazing read!', 4, 9),
(161, 'Not bad', 3, 35),
(162, 'Loved the characters', 3, 31),
(162, 'Too slow', 3, 41),
(163, 'Would recommend', 5, 5),
(163, 'Loved the characters', 3, 5),
(163, 'Would recommend', 4, 21),
(163, 'Amazing read!', 2, 30),
(163, 'Not bad', 5, 0),
(163, 'Loved the characters', 3, 16),
(163, 'Loved the characters', 4, 44),
(163, 'Loved the characters', 2, 43),
(164, 'Amazing read!', 4, 31),
(164, 'Amazing read!', 2, 13),
(164, 'Too slow', 2, 12),
(164, 'Too slow', 5, 9),
(164, 'Would recommend', 2, 20),
(164, 'Too slow', 5, 14),
(164, 'Would recommend', 3, 45),
(165, 'Would recommend', 4, 27),
(165, 'Not bad', 5, 10),
(165, 'Loved the characters', 5, 39),
(165, 'Too slow', 5, 30),
(165, 'Not bad', 5, 24),
(165, 'Would recommend', 3, 38),
(165, 'Amazing read!', 4, 23),
(165, 'Amazing read!', 3, 42),
(166, 'Amazing read!', 2, 30),
(166, 'Would recommend', 1, 20),
(166, 'Would recommend', 2, 47),
(166, 'Amazing read!', 1, 18),
(166, 'Not bad', 4, 47),
(166, 'Too slow', 4, 30),
(166, 'Would recommend', 3, 47),
(167, 'Not bad', 4, 25),
(167, 'Loved the characters', 5, 45),
(167, 'Loved the characters', 4, 38),
(168, 'Would recommend', 5, 24),
(168, 'Loved the characters', 5, 33),
(168, 'Amazing read!', 3, 20),
(168, 'Not bad', 2, 33),
(169, 'Amazing read!', 4, 24),
(169, 'Loved the characters', 1, 44),
(169, 'Too slow', 5, 8),
(169, 'Loved the characters', 4, 9),
(169, 'Not bad', 3, 34),
(169, 'Not bad', 5, 0),
(169, 'Not bad', 1, 14),
(170, 'Not bad', 5, 7),
(171, 'Too slow', 3, 27),
(171, 'Too slow', 2, 46),
(171, 'Amazing read!', 5, 46),
(171, 'Loved the characters', 1, 50),
(172, 'Not bad', 5, 42),
(172, 'Would recommend', 5, 6),
(172, 'Too slow', 1, 44),
(172, 'Too slow', 1, 48),
(172, 'Would recommend', 1, 47),
(173, 'Not bad', 4, 31),
(173, 'Not bad', 5, 35),
(174, 'Would recommend', 5, 49),
(174, 'Loved the characters', 3, 4),
(174, 'Amazing read!', 1, 43),
(174, 'Loved the characters', 3, 10),
(174, 'Would recommend', 3, 21),
(175, 'Too slow', 3, 48),
(176, 'Too slow', 3, 13),
(176, 'Would recommend', 5, 14),
(176, 'Loved the characters', 3, 33),
(176, 'Loved the characters', 2, 16),
(176, 'Would recommend', 1, 5),
(176, 'Too slow', 5, 27),
(176, 'Loved the characters', 4, 49),
(176, 'Amazing read!', 3, 44),
(177, 'Loved the characters', 4, 7),
(177, 'Too slow', 1, 26),
(177, 'Amazing read!', 2, 38),
(177, 'Amazing read!', 2, 33),
(178, 'Not bad', 2, 46),
(178, 'Amazing read!', 2, 13),
(178, 'Not bad', 3, 21),
(178, 'Loved the characters', 1, 28),
(178, 'Loved the characters', 2, 47),
(179, 'Amazing read!', 2, 18),
(179, 'Would recommend', 5, 7),
(179, 'Too slow', 2, 43),
(179, 'Loved the characters', 1, 15),
(179, 'Too slow', 1, 0),
(179, 'Loved the characters', 3, 46),
(180, 'Would recommend', 2, 9),
(180, 'Amazing read!', 2, 39),
(180, 'Too slow', 5, 9),
(180, 'Too slow', 3, 39),
(180, 'Not bad', 5, 49),
(181, 'Would recommend', 3, 25),
(181, 'Too slow', 3, 50),
(181, 'Amazing read!', 2, 14),
(182, 'Too slow', 4, 7),
(182, 'Too slow', 5, 42),
(182, 'Amazing read!', 2, 45),
(182, 'Too slow', 2, 5),
(183, 'Too slow', 4, 46),
(184, 'Too slow', 3, 37),
(184, 'Loved the characters', 2, 0),
(185, 'Not bad', 5, 44),
(186, 'Loved the characters', 3, 20),
(187, 'Amazing read!', 2, 23),
(187, 'Would recommend', 5, 27),
(187, 'Loved the characters', 1, 49),
(187, 'Not bad', 3, 38),
(188, 'Not bad', 3, 17),
(188, 'Too slow', 1, 46),
(188, 'Amazing read!', 5, 19),
(188, 'Loved the characters', 3, 29),
(188, 'Would recommend', 2, 36),
(188, 'Loved the characters', 4, 37),
(188, 'Loved the characters', 1, 16),
(189, 'Too slow', 5, 16),
(189, 'Amazing read!', 2, 9),
(189, 'Would recommend', 5, 25),
(189, 'Would recommend', 1, 15),
(190, 'Not bad', 4, 28),
(190, 'Loved the characters', 4, 6),
(191, 'Not bad', 3, 43),
(191, 'Too slow', 2, 50),
(191, 'Too slow', 2, 18),
(191, 'Loved the characters', 1, 36),
(191, 'Would recommend', 4, 40),
(192, 'Too slow', 1, 35),
(192, 'Would recommend', 3, 38),
(192, 'Loved the characters', 1, 10),
(192, 'Amazing read!', 2, 29),
(192, 'Not bad', 3, 6),
(192, 'Too slow', 4, 32),
(192, 'Loved the characters', 1, 44),
(192, 'Would recommend', 1, 4),
(193, 'Would recommend', 2, 43),
(193, 'Loved the characters', 4, 30),
(193, 'Would recommend', 4, 11),
(193, 'Not bad', 1, 42),
(193, 'Too slow', 1, 21),
(193, 'Not bad', 3, 21),
(193, 'Too slow', 4, 27),
(193, 'Would recommend', 3, 48),
(193, 'Amazing read!', 4, 16),
(193, 'Loved the characters', 1, 20),
(194, 'Would recommend', 3, 8),
(194, 'Not bad', 2, 43),
(195, 'Not bad', 5, 20),
(195, 'Too slow', 5, 15),
(195, 'Amazing read!', 1, 8),
(195, 'Not bad', 3, 29),
(195, 'Would recommend', 4, 11),
(195, 'Not bad', 4, 12),
(195, 'Not bad', 1, 45),
(195, 'Loved the characters', 4, 30),
(195, 'Would recommend', 2, 29),
(196, 'Not bad', 2, 10),
(196, 'Amazing read!', 2, 42),
(196, 'Would recommend', 2, 39),
(197, 'Would recommend', 4, 8),
(197, 'Not bad', 4, 44),
(197, 'Loved the characters', 5, 4),
(197, 'Too slow', 2, 0),
(197, 'Would recommend', 3, 44),
(197, 'Not bad', 5, 19),
(198, 'Too slow', 1, 48),
(199, 'Amazing read!', 4, 40),
(199, 'Amazing read!', 4, 6),
(199, 'Loved the characters', 1, 13),
(199, 'Would recommend', 2, 38),
(199, 'Amazing read!', 5, 12),
(199, 'Amazing read!', 5, 9),
(199, 'Would recommend', 5, 35),
(199, 'Too slow', 5, 45),
(199, 'Too slow', 4, 42),
(199, 'Loved the characters', 4, 43),
(200, 'Too slow', 4, 32),
(200, 'Loved the characters', 5, 39),
(200, 'Amazing read!', 1, 48),
(201, 'Not bad', 1, 40),
(201, 'Amazing read!', 1, 10),
(201, 'Would recommend', 3, 33),
(201, 'Amazing read!', 1, 23),
(201, 'Not bad', 2, 23),
(202, 'Amazing read!', 1, 31),
(202, 'Not bad', 2, 36),
(202, 'Loved the characters', 1, 7),
(202, 'Loved the characters', 1, 21),
(202, 'Not bad', 2, 45),
(202, 'Not bad', 3, 44),
(203, 'Not bad', 3, 49),
(204, 'Amazing read!', 3, 12),
(204, 'Loved the characters', 5, 8),
(204, 'Loved the characters', 5, 0),
(204, 'Too slow', 3, 39),
(205, 'Amazing read!', 3, 17),
(206, 'Too slow', 4, 37),
(206, 'Amazing read!', 3, 46),
(206, 'Too slow', 5, 4),
(206, 'Too slow', 5, 17),
(207, 'Would recommend', 2, 27),
(207, 'Not bad', 4, 8),
(207, 'Would recommend', 5, 38),
(207, 'Not bad', 2, 23),
(207, 'Loved the characters', 4, 19),
(207, 'Not bad', 4, 30),
(207, 'Would recommend', 4, 44),
(207, 'Amazing read!', 2, 45),
(208, 'Amazing read!', 2, 21),
(208, 'Not bad', 5, 2),
(209, 'Not bad', 5, 17),
(209, 'Too slow', 3, 11),
(209, 'Not bad', 4, 36),
(209, 'Too slow', 5, 32),
(209, 'Amazing read!', 5, 2),
(210, 'Too slow', 3, 23),
(210, 'Amazing read!', 3, 3),
(210, 'Not bad', 2, 17),
(211, 'Too slow', 4, 34),
(211, 'Loved the characters', 1, 48),
(211, 'Not bad', 3, 8),
(211, 'Loved the characters', 1, 45),
(211, 'Too slow', 5, 43),
(211, 'Too slow', 5, 50),
(211, 'Not bad', 2, 14),
(211, 'Amazing read!', 3, 19),
(211, 'Would recommend', 3, 17),
(212, 'Would recommend', 5, 10),
(212, 'Not bad', 2, 21),
(213, 'Amazing read!', 4, 16),
(214, 'Too slow', 1, 33),
(214, 'Too slow', 5, 1),
(214, 'Would recommend', 3, 39),
(214, 'Not bad', 3, 7),
(214, 'Loved the characters', 3, 32),
(214, 'Would recommend', 1, 5),
(214, 'Too slow', 4, 1),
(215, 'Not bad', 4, 7),
(215, 'Too slow', 5, 24),
(215, 'Too slow', 1, 46),
(215, 'Amazing read!', 1, 49),
(215, 'Not bad', 1, 20),
(215, 'Too slow', 1, 38),
(216, 'Loved the characters', 4, 1),
(216, 'Too slow', 3, 16),
(216, 'Would recommend', 3, 0),
(216, 'Loved the characters', 3, 35),
(216, 'Would recommend', 2, 40),
(217, 'Not bad', 5, 14),
(217, 'Not bad', 1, 37),
(217, 'Would recommend', 3, 12),
(217, 'Not bad', 5, 41),
(217, 'Not bad', 5, 14),
(218, 'Loved the characters', 5, 45),
(219, 'Amazing read!', 1, 35),
(219, 'Amazing read!', 2, 11),
(219, 'Loved the characters', 2, 38),
(219, 'Too slow', 5, 12),
(219, 'Amazing read!', 4, 23),
(220, 'Would recommend', 1, 43),
(220, 'Too slow', 3, 44),
(220, 'Loved the characters', 1, 0),
(221, 'Loved the characters', 1, 26),
(221, 'Loved the characters', 4, 36),
(221, 'Would recommend', 2, 21),
(222, 'Loved the characters', 1, 40),
(222, 'Loved the characters', 2, 6),
(222, 'Amazing read!', 2, 39),
(222, 'Too slow', 2, 10),
(222, 'Amazing read!', 1, 17),
(223, 'Amazing read!', 2, 10),
(223, 'Amazing read!', 1, 21),
(223, 'Would recommend', 5, 31),
(223, 'Loved the characters', 3, 40),
(223, 'Loved the characters', 3, 33),
(223, 'Amazing read!', 5, 50),
(223, 'Not bad', 2, 27),
(224, 'Amazing read!', 5, 44),
(224, 'Amazing read!', 2, 8),
(224, 'Amazing read!', 3, 49),
(225, 'Too slow', 1, 44),
(225, 'Amazing read!', 5, 5),
(225, 'Too slow', 2, 6),
(225, 'Would recommend', 1, 13),
(225, 'Amazing read!', 3, 27),
(226, 'Would recommend', 5, 40),
(226, 'Loved the characters', 2, 8),
(226, 'Loved the characters', 3, 5),
(226, 'Loved the characters', 1, 2),
(226, 'Amazing read!', 4, 26),
(226, 'Loved the characters', 1, 18),
(226, 'Would recommend', 4, 25),
(226, 'Would recommend', 1, 17),
(227, 'Not bad', 2, 18),
(227, 'Too slow', 3, 30),
(227, 'Amazing read!', 2, 8),
(228, 'Loved the characters', 2, 3),
(228, 'Not bad', 4, 30),
(228, 'Would recommend', 4, 9),
(228, 'Amazing read!', 1, 40),
(228, 'Too slow', 1, 4),
(228, 'Amazing read!', 4, 27),
(229, 'Amazing read!', 4, 41),
(229, 'Would recommend', 3, 7),
(229, 'Amazing read!', 4, 6),
(229, 'Too slow', 3, 50),
(229, 'Amazing read!', 3, 36),
(229, 'Too slow', 4, 18),
(229, 'Amazing read!', 4, 9),
(230, 'Would recommend', 3, 29),
(230, 'Loved the characters', 4, 33),
(230, 'Loved the characters', 2, 6),
(230, 'Would recommend', 2, 30),
(230, 'Too slow', 4, 20),
(230, 'Amazing read!', 2, 16),
(230, 'Too slow', 4, 21),
(230, 'Loved the characters', 1, 33),
(230, 'Would recommend', 4, 42),
(231, 'Not bad', 3, 48),
(231, 'Not bad', 3, 39),
(231, 'Too slow', 2, 3),
(232, 'Loved the characters', 1, 42),
(232, 'Not bad', 3, 20),
(232, 'Not bad', 3, 13),
(232, 'Too slow', 2, 0),
(232, 'Not bad', 5, 45),
(232, 'Loved the characters', 4, 31),
(232, 'Not bad', 2, 35),
(233, 'Too slow', 1, 13),
(233, 'Would recommend', 4, 4),
(234, 'Not bad', 4, 48),
(234, 'Amazing read!', 3, 34),
(234, 'Too slow', 3, 48),
(235, 'Not bad', 5, 2),
(236, 'Loved the characters', 3, 22),
(237, 'Not bad', 2, 14),
(237, 'Too slow', 3, 48),
(237, 'Loved the characters', 4, 16),
(237, 'Loved the characters', 2, 2),
(237, 'Would recommend', 4, 43),
(237, 'Not bad', 2, 46),
(237, 'Not bad', 4, 17),
(237, 'Amazing read!', 1, 36),
(238, 'Not bad', 1, 14),
(238, 'Loved the characters', 3, 27),
(238, 'Too slow', 5, 8),
(239, 'Loved the characters', 2, 35),
(239, 'Amazing read!', 2, 9),
(239, 'Loved the characters', 4, 46),
(239, 'Not bad', 3, 5),
(239, 'Too slow', 2, 50),
(239, 'Amazing read!', 2, 43),
(240, 'Would recommend', 4, 27),
(240, 'Would recommend', 4, 22),
(240, 'Not bad', 5, 41),
(240, 'Too slow', 3, 2),
(240, 'Not bad', 2, 41),
(240, 'Too slow', 3, 33),
(240, 'Too slow', 4, 3),
(241, 'Loved the characters', 1, 30),
(241, 'Too slow', 5, 0),
(241, 'Loved the characters', 2, 46),
(241, 'Would recommend', 2, 3),
(241, 'Would recommend', 1, 45),
(241, 'Too slow', 1, 11),
(242, 'Amazing read!', 4, 33),
(243, 'Too slow', 1, 49),
(243, 'Amazing read!', 1, 14),
(243, 'Would recommend', 3, 34),
(244, 'Would recommend', 3, 44),
(244, 'Loved the characters', 1, 19),
(244, 'Would recommend', 5, 24),
(244, 'Too slow', 2, 8),
(244, 'Not bad', 3, 8),
(244, 'Too slow', 3, 47),
(244, 'Not bad', 4, 23),
(244, 'Loved the characters', 3, 23),
(244, 'Would recommend', 4, 19),
(245, 'Amazing read!', 1, 14),
(245, 'Not bad', 2, 45),
(245, 'Loved the characters', 5, 31),
(245, 'Too slow', 5, 40),
(245, 'Would recommend', 1, 49),
(245, 'Would recommend', 3, 25),
(245, 'Loved the characters', 3, 5),
(246, 'Not bad', 2, 44),
(246, 'Amazing read!', 3, 27),
(246, 'Amazing read!', 4, 42),
(246, 'Loved the characters', 5, 37),
(246, 'Loved the characters', 1, 21),
(247, 'Loved the characters', 2, 50),
(247, 'Amazing read!', 2, 19),
(247, 'Too slow', 4, 45),
(247, 'Amazing read!', 3, 23),
(247, 'Loved the characters', 2, 13),
(248, 'Amazing read!', 4, 34),
(248, 'Loved the characters', 3, 38),
(248, 'Amazing read!', 2, 41),
(248, 'Would recommend', 5, 46),
(248, 'Would recommend', 3, 36),
(248, 'Loved the characters', 3, 29),
(248, 'Would recommend', 4, 26),
(249, 'Too slow', 1, 15),
(249, 'Would recommend', 3, 33),
(249, 'Not bad', 5, 45),
(249, 'Amazing read!', 1, 24),
(249, 'Would recommend', 5, 22),
(249, 'Would recommend', 5, 8),
(250, 'Would recommend', 5, 40),
(250, 'Not bad', 1, 34),
(250, 'Loved the characters', 1, 15),
(250, 'Would recommend', 4, 28),
(250, 'Would recommend', 1, 4),
(250, 'Amazing read!', 1, 5),
(250, 'Too slow', 2, 36),
(251, 'Not bad', 5, 46),
(251, 'Too slow', 2, 42),
(252, 'Loved the characters', 4, 20),
(252, 'Not bad', 1, 43),
(253, 'Loved the characters', 4, 46),
(253, 'Too slow', 2, 37),
(253, 'Too slow', 5, 45),
(253, 'Too slow', 4, 46),
(253, 'Too slow', 3, 15),
(253, 'Too slow', 5, 43),
(253, 'Amazing read!', 4, 46),
(253, 'Would recommend', 1, 32),
(253, 'Too slow', 1, 45),
(254, 'Would recommend', 2, 16),
(254, 'Would recommend', 5, 44),
(254, 'Loved the characters', 2, 26),
(254, 'Too slow', 4, 17),
(254, 'Amazing read!', 2, 46),
(254, 'Loved the characters', 2, 37),
(254, 'Too slow', 3, 48),
(254, 'Would recommend', 5, 24),
(255, 'Not bad', 4, 46),
(255, 'Loved the characters', 3, 6),
(255, 'Loved the characters', 3, 14),
(255, 'Too slow', 3, 41),
(255, 'Too slow', 4, 20),
(255, 'Amazing read!', 4, 43),
(255, 'Too slow', 5, 38),
(255, 'Too slow', 4, 22),
(255, 'Amazing read!', 4, 7),
(255, 'Loved the characters', 5, 35),
(256, 'Not bad', 3, 5),
(256, 'Too slow', 5, 0),
(256, 'Amazing read!', 3, 33),
(256, 'Loved the characters', 2, 41),
(257, 'Would recommend', 5, 5),
(257, 'Would recommend', 2, 48),
(257, 'Amazing read!', 5, 23),
(257, 'Amazing read!', 1, 12),
(257, 'Would recommend', 1, 1),
(257, 'Loved the characters', 2, 8),
(257, 'Too slow', 3, 35),
(257, 'Amazing read!', 1, 50),
(258, 'Would recommend', 2, 10),
(258, 'Not bad', 2, 33),
(258, 'Too slow', 2, 28),
(258, 'Not bad', 1, 36),
(259, 'Amazing read!', 2, 10),
(259, 'Not bad', 3, 13),
(259, 'Loved the characters', 1, 38),
(259, 'Loved the characters', 3, 19),
(259, 'Amazing read!', 1, 34),
(259, 'Not bad', 3, 50),
(259, 'Would recommend', 1, 32),
(259, 'Amazing read!', 5, 21),
(259, 'Amazing read!', 1, 50),
(260, 'Not bad', 2, 2),
(260, 'Too slow', 5, 16),
(260, 'Would recommend', 5, 2),
(260, 'Would recommend', 1, 17),
(260, 'Would recommend', 1, 41),
(260, 'Amazing read!', 5, 30),
(260, 'Amazing read!', 5, 10),
(261, 'Not bad', 2, 31),
(261, 'Loved the characters', 2, 31),
(261, 'Too slow', 4, 14),
(261, 'Too slow', 1, 22),
(261, 'Would recommend', 3, 17),
(262, 'Not bad', 4, 3),
(263, 'Would recommend', 4, 16),
(263, 'Loved the characters', 1, 41),
(263, 'Loved the characters', 2, 0),
(263, 'Not bad', 3, 19),
(263, 'Not bad', 1, 47),
(263, 'Not bad', 1, 41),
(263, 'Would recommend', 3, 48),
(263, 'Loved the characters', 1, 45),
(263, 'Loved the characters', 4, 10),
(264, 'Loved the characters', 5, 24),
(264, 'Would recommend', 5, 35),
(264, 'Too slow', 4, 15),
(264, 'Amazing read!', 3, 3),
(265, 'Would recommend', 1, 6),
(265, 'Too slow', 5, 21),
(265, 'Would recommend', 4, 46),
(266, 'Loved the characters', 3, 17),
(266, 'Loved the characters', 3, 25),
(266, 'Too slow', 5, 16),
(266, 'Loved the characters', 3, 5),
(266, 'Loved the characters', 2, 14),
(266, 'Loved the characters', 1, 50),
(266, 'Amazing read!', 1, 28),
(266, 'Amazing read!', 4, 7),
(266, 'Loved the characters', 5, 29),
(266, 'Too slow', 4, 39),
(267, 'Not bad', 5, 19),
(267, 'Not bad', 1, 48),
(268, 'Too slow', 4, 36),
(268, 'Loved the characters', 1, 10),
(268, 'Loved the characters', 3, 37),
(268, 'Amazing read!', 1, 23),
(268, 'Loved the characters', 1, 22),
(268, 'Too slow', 4, 14),
(268, 'Amazing read!', 1, 30),
(268, 'Too slow', 4, 47),
(268, 'Would recommend', 5, 25),
(269, 'Not bad', 4, 33),
(270, 'Would recommend', 3, 27),
(270, 'Loved the characters', 5, 41),
(270, 'Amazing read!', 5, 3),
(270, 'Too slow', 3, 12),
(270, 'Loved the characters', 5, 22),
(270, 'Would recommend', 1, 45),
(270, 'Too slow', 3, 3),
(270, 'Loved the characters', 1, 3),
(270, 'Not bad', 2, 1),
(270, 'Not bad', 4, 0),
(271, 'Not bad', 1, 0),
(271, 'Loved the characters', 2, 14),
(271, 'Not bad', 5, 25),
(271, 'Loved the characters', 5, 33),
(271, 'Loved the characters', 4, 4),
(271, 'Would recommend', 2, 23),
(272, 'Loved the characters', 5, 42),
(273, 'Not bad', 1, 41),
(273, 'Too slow', 5, 39),
(273, 'Amazing read!', 4, 44),
(273, 'Amazing read!', 1, 25),
(273, 'Would recommend', 2, 42),
(274, 'Loved the characters', 4, 24),
(274, 'Loved the characters', 4, 14),
(274, 'Loved the characters', 5, 49),
(274, 'Loved the characters', 3, 26),
(274, 'Not bad', 5, 22),
(274, 'Amazing read!', 3, 4),
(275, 'Would recommend', 2, 41),
(275, 'Too slow', 4, 12),
(275, 'Too slow', 4, 38),
(275, 'Too slow', 1, 2),
(275, 'Not bad', 1, 20),
(276, 'Loved the characters', 5, 14),
(276, 'Would recommend', 1, 11),
(276, 'Amazing read!', 1, 23),
(276, 'Not bad', 3, 39),
(276, 'Amazing read!', 4, 37),
(276, 'Would recommend', 3, 23),
(276, 'Too slow', 5, 1),
(277, 'Loved the characters', 5, 14),
(277, 'Not bad', 4, 11),
(277, 'Amazing read!', 4, 10),
(277, 'Not bad', 5, 27),
(277, 'Loved the characters', 1, 3),
(277, 'Not bad', 5, 17),
(277, 'Would recommend', 4, 12),
(277, 'Too slow', 3, 29),
(277, 'Too slow', 4, 36),
(277, 'Would recommend', 5, 41),
(278, 'Not bad', 1, 27),
(278, 'Amazing read!', 4, 18),
(279, 'Would recommend', 4, 1),
(279, 'Loved the characters', 3, 41),
(279, 'Loved the characters', 4, 50),
(279, 'Amazing read!', 2, 43),
(279, 'Amazing read!', 5, 30),
(279, 'Loved the characters', 3, 33),
(279, 'Amazing read!', 5, 8),
(279, 'Would recommend', 2, 43),
(279, 'Would recommend', 1, 29),
(279, 'Amazing read!', 4, 7),
(280, 'Not bad', 2, 22),
(280, 'Loved the characters', 1, 23),
(280, 'Too slow', 3, 37),
(280, 'Would recommend', 1, 29),
(280, 'Not bad', 2, 46),
(280, 'Loved the characters', 3, 26),
(280, 'Would recommend', 5, 31),
(281, 'Loved the characters', 5, 0),
(281, 'Not bad', 5, 47),
(281, 'Amazing read!', 3, 48),
(281, 'Not bad', 4, 6),
(282, 'Amazing read!', 2, 29),
(282, 'Would recommend', 1, 46),
(282, 'Loved the characters', 1, 2),
(282, 'Loved the characters', 2, 17),
(283, 'Not bad', 3, 31),
(283, 'Not bad', 1, 12),
(283, 'Amazing read!', 3, 27),
(284, 'Loved the characters', 5, 38),
(284, 'Amazing read!', 2, 14),
(284, 'Not bad', 2, 16),
(284, 'Not bad', 1, 40),
(284, 'Too slow', 5, 8),
(285, 'Would recommend', 2, 2),
(285, 'Would recommend', 5, 21),
(286, 'Would recommend', 5, 20),
(286, 'Not bad', 1, 50),
(286, 'Loved the characters', 2, 23),
(286, 'Too slow', 1, 35),
(286, 'Amazing read!', 3, 19),
(286, 'Not bad', 2, 50),
(286, 'Loved the characters', 2, 40),
(287, 'Not bad', 2, 30),
(287, 'Amazing read!', 1, 29),
(287, 'Would recommend', 2, 32),
(287, 'Not bad', 3, 20),
(287, 'Not bad', 2, 22),
(287, 'Amazing read!', 3, 22),
(287, 'Not bad', 5, 47),
(287, 'Loved the characters', 3, 14),
(287, 'Not bad', 3, 50),
(288, 'Too slow', 3, 1),
(288, 'Amazing read!', 3, 47),
(289, 'Loved the characters', 5, 42),
(289, 'Amazing read!', 5, 1),
(289, 'Amazing read!', 1, 0),
(289, 'Not bad', 2, 2),
(289, 'Would recommend', 2, 50),
(289, 'Not bad', 1, 21),
(290, 'Would recommend', 2, 11),
(291, 'Would recommend', 1, 37),
(291, 'Not bad', 1, 9),
(291, 'Loved the characters', 5, 33),
(292, 'Would recommend', 4, 17),
(292, 'Loved the characters', 3, 11),
(292, 'Too slow', 3, 4),
(292, 'Too slow', 3, 12),
(292, 'Would recommend', 5, 22),
(292, 'Would recommend', 4, 44),
(293, 'Too slow', 4, 17),
(293, 'Loved the characters', 4, 47),
(293, 'Loved the characters', 2, 5),
(293, 'Loved the characters', 5, 9),
(293, 'Loved the characters', 2, 42),
(293, 'Loved the characters', 2, 34),
(293, 'Loved the characters', 4, 38),
(294, 'Not bad', 3, 49),
(294, 'Would recommend', 2, 47),
(294, 'Too slow', 5, 38),
(294, 'Amazing read!', 4, 8),
(294, 'Too slow', 1, 29),
(294, 'Not bad', 2, 6),
(294, 'Too slow', 4, 50),
(294, 'Not bad', 1, 8),
(294, 'Amazing read!', 1, 5),
(295, 'Loved the characters', 5, 44),
(296, 'Not bad', 4, 15),
(296, 'Loved the characters', 1, 9),
(296, 'Loved the characters', 2, 25),
(296, 'Not bad', 4, 21),
(297, 'Not bad', 2, 22),
(297, 'Would recommend', 5, 2),
(298, 'Not bad', 5, 45),
(298, 'Amazing read!', 1, 28),
(298, 'Loved the characters', 5, 19),
(298, 'Would recommend', 3, 6),
(298, 'Loved the characters', 3, 30),
(298, 'Loved the characters', 3, 26),
(298, 'Too slow', 4, 31),
(298, 'Would recommend', 2, 43),
(299, 'Amazing read!', 2, 29),
(299, 'Too slow', 5, 5),
(299, 'Would recommend', 3, 22),
(299, 'Too slow', 1, 44),
(299, 'Too slow', 3, 32),
(299, 'Loved the characters', 4, 49),
(299, 'Too slow', 5, 21),
(299, 'Too slow', 1, 11),
(299, 'Loved the characters', 2, 48),
(299, 'Would recommend', 1, 50),
(300, 'Amazing read!', 2, 12),
(300, 'Would recommend', 4, 19),
(300, 'Loved the characters', 3, 1),
(300, 'Amazing read!', 2, 0),
(300, 'Not bad', 1, 43),
(300, 'Loved the characters', 3, 2),
(300, 'Would recommend', 5, 24),
(300, 'Not bad', 5, 3),
(300, 'Amazing read!', 1, 21),
(300, 'Amazing read!', 3, 1);

-- Insertar ventas por año
INSERT INTO yearly_sales (book_id, year, sales) VALUES
(1, 1895, 68776),
(1, 1896, 91947),
(1, 1897, 19470),
(1, 1898, 20592),
(1, 1899, 82437),
(2, 1911, 47545),
(2, 1912, 17991),
(2, 1913, 46782),
(2, 1914, 76742),
(2, 1915, 9596),
(3, 1903, 79306),
(3, 1904, 60594),
(3, 1905, 63405),
(3, 1906, 73413),
(3, 1907, 50550),
(4, 1907, 21576),
(4, 1908, 28966),
(4, 1909, 85882),
(4, 1910, 91009),
(4, 1911, 29237),
(5, 1911, 89946),
(5, 1912, 96675),
(5, 1913, 16080),
(5, 1914, 46996),
(5, 1915, 23910),
(6, 1897, 37435),
(6, 1898, 55286),
(6, 1899, 28275),
(6, 1900, 50829),
(6, 1901, 52109),
(7, 1850, 60717),
(7, 1851, 82088),
(7, 1852, 76003),
(7, 1853, 12318),
(7, 1854, 25734),
(8, 1871, 26604),
(8, 1872, 63818),
(8, 1873, 18571),
(8, 1874, 80814),
(8, 1875, 53037),
(9, 1894, 34468),
(9, 1895, 68920),
(9, 1896, 63935),
(9, 1897, 98342),
(9, 1898, 78770),
(10, 1973, 70650),
(10, 1974, 83404),
(10, 1975, 36706),
(10, 1976, 49199),
(10, 1977, 37789),
(11, 1907, 82147),
(11, 1908, 83679),
(11, 1909, 23526),
(11, 1910, 64697),
(11, 1911, 56372),
(12, 1865, 27991),
(12, 1866, 31101),
(12, 1867, 79695),
(12, 1868, 73507),
(12, 1869, 88417),
(13, 1895, 3923),
(13, 1896, 41509),
(13, 1897, 39782),
(13, 1898, 3797),
(13, 1899, 66454),
(14, 1899, 60734),
(14, 1900, 71119),
(14, 1901, 24291),
(14, 1902, 93916),
(14, 1903, 21651),
(15, 1902, 69589),
(15, 1903, 99309),
(15, 1904, 51585),
(15, 1905, 38326),
(15, 1906, 86425),
(16, 1877, 27968),
(16, 1878, 94615),
(16, 1879, 96727),
(16, 1880, 19043),
(16, 1881, 92447),
(17, 1937, 10060),
(17, 1938, 60057),
(17, 1939, 45179),
(17, 1940, 85506),
(17, 1941, 12894),
(18, 1908, 67923),
(18, 1909, 61151),
(18, 1910, 31068),
(18, 1911, 97907),
(18, 1912, 99652),
(19, 1846, 58722),
(19, 1847, 2705),
(19, 1848, 32159),
(19, 1849, 75472),
(19, 1850, 69689),
(20, 1945, 74937),
(20, 1946, 55104),
(20, 1947, 55149),
(20, 1948, 69341),
(20, 1949, 99880),
(21, 1909, 85912),
(21, 1910, 91876),
(21, 1911, 42189),
(21, 1912, 23262),
(21, 1913, 94762),
(22, 2010, 29893),
(22, 2011, 67822),
(22, 2012, 96923),
(22, 2013, 29958),
(22, 2014, 70099),
(23, 1995, 16017),
(23, 1996, 88884),
(23, 1997, 94516),
(23, 1998, 47273),
(23, 1999, 52491),
(24, 1880, 44104),
(24, 1881, 33619),
(24, 1882, 54916),
(24, 1883, 68121),
(24, 1884, 12131),
(25, 1954, 66610),
(25, 1955, 37610),
(25, 1956, 32837),
(25, 1957, 70839),
(25, 1958, 56169),
(26, 1954, 96017),
(26, 1955, 63501),
(26, 1956, 60807),
(26, 1957, 39053),
(26, 1958, 94430),
(27, 1905, 2428),
(27, 1906, 70362),
(27, 1907, 45443),
(27, 1908, 72487),
(27, 1909, 5140),
(28, 1997, 28548),
(28, 1998, 77906),
(28, 1999, 25366),
(28, 2000, 2246),
(28, 2001, 21339),
(29, 1908, 84690),
(29, 1909, 69918),
(29, 1910, 1336),
(29, 1911, 52325),
(29, 1912, 53187),
(30, 1950, 8639),
(30, 1951, 79538),
(30, 1952, 99174),
(30, 1953, 69749),
(30, 1954, 59468),
(31, 1977, 80612),
(31, 1978, 68323),
(31, 1979, 33027),
(31, 1980, 5639),
(31, 1981, 8888),
(32, 1956, 24804),
(32, 1957, 85625),
(32, 1958, 51079),
(32, 1959, 9333),
(32, 1960, 97993),
(33, 1950, 88884),
(33, 1951, 98262),
(33, 1952, 60133),
(33, 1953, 15088),
(33, 1954, 21956),
(34, 1895, 32358),
(34, 1896, 47058),
(34, 1897, 71610),
(34, 1898, 24626),
(34, 1899, 94343),
(35, 1993, 7175),
(35, 1994, 8365),
(35, 1995, 62023),
(35, 1996, 27646),
(35, 1997, 28820),
(36, 1907, 86938),
(36, 1908, 18567),
(36, 1909, 12433),
(36, 1910, 93604),
(36, 1911, 84545),
(37, 1951, 49705),
(37, 1952, 22502),
(37, 1953, 96834),
(37, 1954, 96144),
(37, 1955, 35068),
(38, 1876, 37742),
(38, 1877, 50468),
(38, 1878, 97834),
(38, 1879, 68580),
(38, 1880, 54890),
(39, 1985, 28401),
(39, 1986, 12274),
(39, 1987, 46908),
(39, 1988, 65215),
(39, 1989, 90059),
(40, 1924, 92748),
(40, 1925, 56182),
(40, 1926, 79976),
(40, 1927, 60800),
(40, 1928, 9550),
(41, 1920, 88436),
(41, 1921, 72902),
(41, 1922, 70778),
(41, 1923, 59802),
(41, 1924, 96211),
(42, 1954, 94501),
(42, 1955, 52830),
(42, 1956, 61591),
(42, 1957, 67151),
(42, 1958, 41735),
(43, 1890, 89437),
(43, 1891, 59319),
(43, 1892, 80544),
(43, 1893, 40592),
(43, 1894, 29299),
(44, 1954, 6550),
(44, 1955, 81236),
(44, 1956, 41761),
(44, 1957, 42784),
(44, 1958, 80867),
(45, 1952, 72599),
(45, 1953, 90867),
(45, 1954, 1500),
(45, 1955, 70850),
(45, 1956, 42030),
(46, 1953, 57105),
(46, 1954, 54553),
(46, 1955, 56514),
(46, 1956, 76929),
(46, 1957, 24337),
(47, 1900, 76056),
(47, 1901, 54621),
(47, 1902, 43399),
(47, 1903, 22057),
(47, 1904, 57796),
(48, 1889, 12420),
(48, 1890, 92358),
(48, 1891, 61424),
(48, 1892, 61406),
(48, 1893, 29687),
(49, 1955, 78197),
(49, 1956, 84819),
(49, 1957, 84835),
(49, 1958, 13784),
(49, 1959, 38515),
(50, 1899, 87654),
(50, 1900, 98311),
(50, 1901, 54375),
(50, 1902, 53631),
(50, 1903, 73179),
(51, 1815, 44845),
(51, 1816, 99150),
(51, 1817, 24161),
(51, 1818, 2143),
(51, 1819, 86420),
(52, 1817, 97652),
(52, 1818, 41768),
(52, 1819, 56595),
(52, 1820, 55660),
(52, 1821, 95732),
(53, 2005, 8192),
(53, 2006, 27752),
(53, 2007, 92401),
(53, 2008, 61042),
(53, 2009, 56283),
(54, 2007, 24425),
(54, 2008, 68768),
(54, 2009, 15142),
(54, 2010, 64511),
(54, 2011, 95589),
(55, 2005, 39161),
(55, 2006, 45364),
(55, 2007, 83219),
(55, 2008, 82480),
(55, 2009, 87700),
(56, 1999, 73094),
(56, 2000, 14466),
(56, 2001, 84888),
(56, 2002, 64397),
(56, 2003, 87946),
(57, 1811, 12123),
(57, 1812, 21273),
(57, 1813, 7183),
(57, 1814, 21868),
(57, 1815, 66337),
(58, 1972, 26554),
(58, 1973, 91444),
(58, 1974, 62231),
(58, 1975, 27591),
(58, 1976, 7035),
(59, 1597, 98235),
(59, 1598, 74283),
(59, 1599, 42889),
(59, 1600, 52170),
(59, 1601, 56436),
(60, 2003, 40789),
(60, 2004, 3329),
(60, 2005, 21174),
(60, 2006, 64623),
(60, 2007, 4666),
(61, 1962, 70011),
(61, 1963, 9584),
(61, 1964, 95685),
(61, 1965, 10363),
(61, 1966, 95809),
(62, 1905, 58110),
(62, 1906, 33608),
(62, 1907, 12667),
(62, 1908, 42680),
(62, 1909, 80438),
(63, 1886, 92421),
(63, 1887, 28293),
(63, 1888, 33496),
(63, 1889, 92953),
(63, 1890, 37704),
(64, 1818, 18893),
(64, 1819, 8317),
(64, 1820, 83326),
(64, 1821, 27207),
(64, 1822, 92352),
(65, 1998, 51596),
(65, 1999, 66129),
(65, 2000, 67817),
(65, 2001, 70274),
(65, 2002, 46982),
(66, 1973, 34821),
(66, 1974, 33138),
(66, 1975, 57180),
(66, 1976, 42475),
(66, 1977, 60173),
(67, 1600, 28859),
(67, 1601, 95360),
(67, 1602, 37926),
(67, 1603, 55432),
(67, 1604, 59821),
(68, 1993, 7126),
(68, 1994, 10358),
(68, 1995, 47237),
(68, 1996, 79252),
(68, 1997, 57274),
(69, 1980, 9655),
(69, 1981, 94627),
(69, 1982, 99933),
(69, 1983, 11580),
(69, 1984, 64705),
(70, 1997, 20337),
(70, 1998, 1190),
(70, 1999, 69746),
(70, 2000, 27346),
(70, 2001, 92704),
(71, 1920, 28153),
(71, 1921, 37374),
(71, 1922, 79199),
(71, 1923, 95867),
(71, 1924, 86912),
(72, 1964, 73401),
(72, 1965, 17803),
(72, 1966, 65960),
(72, 1967, 13623),
(72, 1968, 8240),
(73, 1961, 42475),
(73, 1962, 41562),
(73, 1963, 72060),
(73, 1964, 89985),
(73, 1965, 37317),
(74, 1899, 39034),
(74, 1900, 87162),
(74, 1901, 60822),
(74, 1902, 29118),
(74, 1903, 10150),
(75, 1952, 38305),
(75, 1953, 57023),
(75, 1954, 25486),
(75, 1955, 46848),
(75, 1956, 93706),
(76, 1904, 69310),
(76, 1905, 21883),
(76, 1906, 78595),
(76, 1907, 4473),
(76, 1908, 12866),
(77, 1812, 64750),
(77, 1813, 8204),
(77, 1814, 6200),
(77, 1815, 53709),
(77, 1816, 15600),
(78, 1914, 94714),
(78, 1915, 94129),
(78, 1916, 62896),
(78, 1917, 56235),
(78, 1918, 97528),
(79, 1965, 73513),
(79, 1966, 49978),
(79, 1967, 72349),
(79, 1968, 52650),
(79, 1969, 35051),
(80, 1983, 76245),
(80, 1984, 92753),
(80, 1985, 69625),
(80, 1986, 80767),
(80, 1987, 29107),
(81, 1993, 1357),
(81, 1994, 15457),
(81, 1995, 1205),
(81, 1996, 44078),
(81, 1997, 37973),
(82, 1889, 49948),
(82, 1890, 12935),
(82, 1891, 36324),
(82, 1892, 16611),
(82, 1893, 71318),
(83, 1909, 90372),
(83, 1910, 8187),
(83, 1911, 10934),
(83, 1912, 26512),
(83, 1913, 40229),
(84, 1985, 90738),
(84, 1986, 47536),
(84, 1987, 6688),
(84, 1988, 13754),
(84, 1989, 72358),
(85, 1988, 17300),
(85, 1989, 42576),
(85, 1990, 73396),
(85, 1991, 44077),
(85, 1992, 53926),
(86, 2009, 20727),
(86, 2010, 17100),
(86, 2011, 42928),
(86, 2012, 81776),
(86, 2013, 5983),
(87, 1884, 69864),
(87, 1885, 39736),
(87, 1886, 56079),
(87, 1887, 34719),
(87, 1888, 99300),
(88, 1972, 56192),
(88, 1973, 42065),
(88, 1974, 54952),
(88, 1975, 5230),
(88, 1976, 89389),
(89, 1988, 31577),
(89, 1989, 32445),
(89, 1990, 60902),
(89, 1991, 9630),
(89, 1992, 5074),
(90, 1970, 78278),
(90, 1971, 32612),
(90, 1972, 20385),
(90, 1973, 63675),
(90, 1974, 84076),
(91, 1917, 40460),
(91, 1918, 61783),
(91, 1919, 67184),
(91, 1920, 66908),
(91, 1921, 82097),
(92, 2008, 16792),
(92, 2009, 73344),
(92, 2010, 45307),
(92, 2011, 16394),
(92, 2012, 59447),
(93, 1902, 79516),
(93, 1903, 64329),
(93, 1904, 2272),
(93, 1905, 83036),
(93, 1906, 71659),
(94, 1865, 41318),
(94, 1866, 57817),
(94, 1867, 82336),
(94, 1868, 65152),
(94, 1869, 83978),
(95, 1937, 99785),
(95, 1938, 59455),
(95, 1939, 68042),
(95, 1940, 93324),
(95, 1941, 48210),
(96, 1826, 30202),
(96, 1827, 49492),
(96, 1828, 99687),
(96, 1829, 41937),
(96, 1830, 28568),
(97, 1883, 58918),
(97, 1884, 93317),
(97, 1885, 65279),
(97, 1886, 31391),
(97, 1887, 80349),
(98, 1943, 5166),
(98, 1944, 35832),
(98, 1945, 62309),
(98, 1946, 75200),
(98, 1947, 95411),
(99, 1870, 37075),
(99, 1871, 60404),
(99, 1872, 24071),
(99, 1873, 11734),
(99, 1874, 32635),
(100, 1863, 36738),
(100, 1864, 73122),
(100, 1865, 63246),
(100, 1866, 74438),
(100, 1867, 46976),
(101, 1858, 2930),
(101, 1859, 71243),
(101, 1860, 1264),
(101, 1861, 14292),
(101, 1862, 63865),
(102, 1853, 96929),
(102, 1854, 24890),
(102, 1855, 25660),
(102, 1856, 50067),
(102, 1857, 69437),
(103, 1907, 9342),
(103, 1908, 18660),
(103, 1909, 16514),
(103, 1910, 88774),
(103, 1911, 31383),
(104, 1590, 73556),
(104, 1591, 95435),
(104, 1592, 16711),
(104, 1593, 60203),
(104, 1594, 97144),
(105, 1859, 17763),
(105, 1860, 79004),
(105, 1861, 15334),
(105, 1862, 19923),
(105, 1863, 55798),
(106, 1925, 78447),
(106, 1926, 64830),
(106, 1927, 52680),
(106, 1928, 57712),
(106, 1929, 85657),
(107, 1618, 30442),
(107, 1619, 36786),
(107, 1620, 52413),
(107, 1621, 1806),
(107, 1622, 7788),
(108, 1880, 63182),
(108, 1881, 96637),
(108, 1882, 88867),
(108, 1883, 93865),
(108, 1884, 41472),
(109, 1518, 75736),
(109, 1519, 37193),
(109, 1520, 74173),
(109, 1521, 65455),
(109, 1522, 26119),
(110, 1467, 21775),
(110, 1468, 36264),
(110, 1469, 31366),
(110, 1470, 84375),
(110, 1471, 52911),
(111, 1787, 68590),
(111, 1788, 74103),
(111, 1789, 64840),
(111, 1790, 8133),
(111, 1791, 82047),
(112, 1915, 48822),
(112, 1916, 34568),
(112, 1917, 13947),
(112, 1918, 84886),
(112, 1919, 41163),
(113, 1600, 87288),
(113, 1601, 90149),
(113, 1602, 74909),
(113, 1603, 15310),
(113, 1604, 32548),
(114, 1854, 46230),
(114, 1855, 78405),
(114, 1856, 59254),
(114, 1857, 15207),
(114, 1858, 83998),
(115, 1670, 6206),
(115, 1671, 24973),
(115, 1672, 77176),
(115, 1673, 45817),
(115, 1674, 36657),
(116, 1914, 77858),
(116, 1915, 37624),
(116, 1916, 71343),
(116, 1917, 78639),
(116, 1918, 2377),
(117, 1854, 69032),
(117, 1855, 99932),
(117, 1856, 96278),
(117, 1857, 98315),
(117, 1858, 84678),
(118, 1920, 66282),
(118, 1921, 76246),
(118, 1922, 44166),
(118, 1923, 56375),
(118, 1924, 10506),
(119, 1876, 52167),
(119, 1877, 4998),
(119, 1878, 16386),
(119, 1879, 92843),
(119, 1880, 43193),
(120, 1482, 79381),
(120, 1483, 61336),
(120, 1484, 39875),
(120, 1485, 48697),
(120, 1486, 76697),
(121, 1609, 36245),
(121, 1610, 59427),
(121, 1611, 8445),
(121, 1612, 98032),
(121, 1613, 6533),
(122, 1855, 59826),
(122, 1856, 14203),
(122, 1857, 26276),
(122, 1858, 96188),
(122, 1859, 14858),
(123, 1851, 8896),
(123, 1852, 95863),
(123, 1853, 8748),
(123, 1854, 40839),
(123, 1855, 35920),
(124, 1842, 91791),
(124, 1843, 91723),
(124, 1844, 37692),
(124, 1845, 39924),
(124, 1846, 38781),
(125, 1856, 62592),
(125, 1857, 81721),
(125, 1858, 74866),
(125, 1859, 25653),
(125, 1860, 9483),
(126, 1813, 69659),
(126, 1814, 92263),
(126, 1815, 16242),
(126, 1816, 80398),
(126, 1817, 46803),
(127, 1200, 35125),
(127, 1201, 27225),
(127, 1202, 19646),
(127, 1203, 75353),
(127, 1204, 38339),
(128, 1651, 90942),
(128, 1652, 89920),
(128, 1653, 24504),
(128, 1654, 67353),
(128, 1655, 63683),
(129, 1978, 62414),
(129, 1979, 19011),
(129, 1980, 5162),
(129, 1981, 13821),
(129, 1982, 47399),
(130, 2005, 41025),
(130, 2006, 17824),
(130, 2007, 50786),
(130, 2008, 53811),
(130, 2009, 10302),
(131, 1950, 58755),
(131, 1951, 29169),
(131, 1952, 14358),
(131, 1953, 84333),
(131, 1954, 90706),
(132, 1963, 78726),
(132, 1964, 89700),
(132, 1965, 71766),
(132, 1966, 81047),
(132, 1967, 26596),
(133, 1700, 26515),
(133, 1701, 34749),
(133, 1702, 40384),
(133, 1703, 22900),
(133, 1704, 53053),
(134, 2008, 19468),
(134, 2009, 77202),
(134, 2010, 91886),
(134, 2011, 30437),
(134, 2012, 9378),
(135, 1848, 74359),
(135, 1849, 91752),
(135, 1850, 3575),
(135, 1851, 26960),
(135, 1852, 35009),
(136, 1976, 7532),
(136, 1977, 97020),
(136, 1978, 91562),
(136, 1979, 45502),
(136, 1980, 89985),
(137, 1818, 17868),
(137, 1819, 2483),
(137, 1820, 72143),
(137, 1821, 62999),
(137, 1822, 94026),
(138, 1987, 74980),
(138, 1988, 35494),
(138, 1989, 45958),
(138, 1990, 6691),
(138, 1991, 83834),
(139, 1968, 65535),
(139, 1969, 27793),
(139, 1970, 62714),
(139, 1971, 8139),
(139, 1972, 4757),
(140, 1904, 13192),
(140, 1905, 59072),
(140, 1906, 3179),
(140, 1907, 40771),
(140, 1908, 19001),
(141, 1758, 81565),
(141, 1759, 84390),
(141, 1760, 39974),
(141, 1761, 81199),
(141, 1762, 75865),
(142, 2001, 37315),
(142, 2002, 55983),
(142, 2003, 29166),
(142, 2004, 71743),
(142, 2005, 39826),
(143, 1990, 67468),
(143, 1991, 26140),
(143, 1992, 50404),
(143, 1993, 69418),
(143, 1994, 40784),
(144, 1968, 58299),
(144, 1969, 47659),
(144, 1970, 20472),
(144, 1971, 39146),
(144, 1972, 36405),
(145, 1980, 43536),
(145, 1981, 47607),
(145, 1982, 59546),
(145, 1983, 61105),
(145, 1984, 64272),
(146, 1949, 25915),
(146, 1950, 52586),
(146, 1951, 54779),
(146, 1952, 90219),
(146, 1953, 73132),
(147, 1969, 42310),
(147, 1970, 6180),
(147, 1971, 61951),
(147, 1972, 17393),
(147, 1973, 70749),
(148, 1920, 62255),
(148, 1921, 25878),
(148, 1922, 61178),
(148, 1923, 31799),
(148, 1924, 51795),
(149, 1935, 67500),
(149, 1936, 94786),
(149, 1937, 39055),
(149, 1938, 56388),
(149, 1939, 1722),
(150, 1976, 82011),
(150, 1977, 1851),
(150, 1978, 47694),
(150, 1979, 71864),
(150, 1980, 89788),
(151, 1900, 41950),
(151, 1901, 41405),
(151, 1902, 67126),
(151, 1903, 92939),
(151, 1904, 29717),
(152, 1946, 99708),
(152, 1947, 4318),
(152, 1948, 7818),
(152, 1949, 5477),
(152, 1950, 60322),
(153, 2000, 97972),
(153, 2001, 64785),
(153, 2002, 81588),
(153, 2003, 80591),
(153, 2004, 24708),
(154, 1472, 55771),
(154, 1473, 52344),
(154, 1474, 80618),
(154, 1475, 78442),
(154, 1476, 28122),
(155, 1970, 80568),
(155, 1971, 99853),
(155, 1972, 79262),
(155, 1973, 86591),
(155, 1974, 16859),
(156, 1872, 68217),
(156, 1873, 25167),
(156, 1874, 7299),
(156, 1875, 78278),
(156, 1876, 12771),
(157, 2019, 80459),
(157, 2020, 16048),
(157, 2021, 34402),
(157, 2022, 18537),
(157, 2023, 62539),
(158, 1961, 47570),
(158, 1962, 75871),
(158, 1963, 53547),
(158, 1964, 84599),
(158, 1965, 86778),
(159, 1996, 64027),
(159, 1997, 71292),
(159, 1998, 59414),
(159, 1999, 94104),
(159, 2000, 19113),
(160, 1979, 81086),
(160, 1980, 59929),
(160, 1981, 59962),
(160, 1982, 30879),
(160, 1983, 47884),
(161, 1953, 35801),
(161, 1954, 93249),
(161, 1955, 50830),
(161, 1956, 66299),
(161, 1957, 70439),
(162, 1800, 50136),
(162, 1801, 96582),
(162, 1802, 70716),
(162, 1803, 16831),
(162, 1804, 53394),
(163, 2011, 74079),
(163, 2012, 66060),
(163, 2013, 98819),
(163, 2014, 40985),
(163, 2015, 98497),
(164, 1945, 35681),
(164, 1946, 48521),
(164, 1947, 91993),
(164, 1948, 91942),
(164, 1949, 59979),
(165, 1962, 19141),
(165, 1963, 51914),
(165, 1964, 48056),
(165, 1965, 93053),
(165, 1966, 57480),
(166, 1894, 85982),
(166, 1895, 77547),
(166, 1896, 40687),
(166, 1897, 48811),
(166, 1898, 35845),
(167, 1968, 82526),
(167, 1969, 15816),
(167, 1970, 29656),
(167, 1971, 79181),
(167, 1972, 45238),
(168, 1901, 23766),
(168, 1902, 31924),
(168, 1903, 89364),
(168, 1904, 45188),
(168, 1905, 1463),
(169, 1870, 58067),
(169, 1871, 12569),
(169, 1872, 43363),
(169, 1873, 37974),
(169, 1874, 27996),
(170, 1978, 15579),
(170, 1979, 58339),
(170, 1980, 80740),
(170, 1981, 49415),
(170, 1982, 73505),
(171, 1982, 78930),
(171, 1983, 16725),
(171, 1984, 70358),
(171, 1985, 82217),
(171, 1986, 36882),
(172, 1791, 50140),
(172, 1792, 34307),
(172, 1793, 67729),
(172, 1794, 7150),
(172, 1795, 10987),
(173, 2001, 78583),
(173, 2002, 11807),
(173, 2003, 47752),
(173, 2004, 49818),
(173, 2005, 15287),
(174, 1835, 23568),
(174, 1836, 50938),
(174, 1837, 44088),
(174, 1838, 20836),
(174, 1839, 6992),
(175, 1863, 30322),
(175, 1864, 73811),
(175, 1865, 18331),
(175, 1866, 59197),
(175, 1867, 41151),
(176, 1845, 94285),
(176, 1846, 22272),
(176, 1847, 94799),
(176, 1848, 97013),
(176, 1849, 25436),
(177, 1678, 46401),
(177, 1679, 5307),
(177, 1680, 89966),
(177, 1681, 83240),
(177, 1682, 28113),
(178, 1902, 46496),
(178, 1903, 96890),
(178, 1904, 86323),
(178, 1905, 51477),
(178, 1906, 60129),
(179, 1999, 16122),
(179, 2000, 22294),
(179, 2001, 52069),
(179, 2002, 96762),
(179, 2003, 82607),
(180, 1987, 66266),
(180, 1988, 88477),
(180, 1989, 83988),
(180, 1990, 55129),
(180, 1991, 18879),
(181, 1958, 77015),
(181, 1959, 90947),
(181, 1960, 25400),
(181, 1961, 31423),
(181, 1962, 96627),
(182, 1966, 10238),
(182, 1967, 35494),
(182, 1968, 82119),
(182, 1969, 29275),
(182, 1970, 6516),
(183, 1899, 82173),
(183, 1900, 71646),
(183, 1901, 53423),
(183, 1902, 21153),
(183, 1903, 59524),
(184, 1945, 11347),
(184, 1946, 77119),
(184, 1947, 36517),
(184, 1948, 7477),
(184, 1949, 26637),
(185, 1974, 81973),
(185, 1975, 61427),
(185, 1976, 27606),
(185, 1977, 64326),
(185, 1978, 43330),
(186, 1914, 31418),
(186, 1915, 26636),
(186, 1916, 19107),
(186, 1917, 50523),
(186, 1918, 9439),
(187, 1969, 28352),
(187, 1970, 26980),
(187, 1971, 62880),
(187, 1972, 35503),
(187, 1973, 14009),
(188, 1995, 3096),
(188, 1996, 63338),
(188, 1997, 39128),
(188, 1998, 7110),
(188, 1999, 8591),
(189, 1667, 41514),
(189, 1668, 91062),
(189, 1669, 67230),
(189, 1670, 88096),
(189, 1671, 95214),
(190, 1826, 51088),
(190, 1827, 34781),
(190, 1828, 72760),
(190, 1829, 35358),
(190, 1830, 40687),
(191, 1862, 59056),
(191, 1863, 46294),
(191, 1864, 34773),
(191, 1865, 98895),
(191, 1866, 51891),
(192, 1922, 28217),
(192, 1923, 20001),
(192, 1924, 59288),
(192, 1925, 93721),
(192, 1926, 41315),
(193, 1781, 24787),
(193, 1782, 36319),
(193, 1783, 69983),
(193, 1784, 82739),
(193, 1785, 37825),
(194, 1600, 83561),
(194, 1601, 41799),
(194, 1602, 24529),
(194, 1603, 39857),
(194, 1604, 41350),
(195, 1537, 52654),
(195, 1538, 32144),
(195, 1539, 12752),
(195, 1540, 14243),
(195, 1541, 52363),
(196, 1478, 2047),
(196, 1479, 98761),
(196, 1480, 14100),
(196, 1481, 46928),
(196, 1482, 56640),
(197, 1558, 58839),
(197, 1559, 32731),
(197, 1560, 69625),
(197, 1561, 98580),
(197, 1562, 50503),
(198, 1927, 92197),
(198, 1928, 70920),
(198, 1929, 19220),
(198, 1930, 40805),
(198, 1931, 34824),
(199, 1905, 66948),
(199, 1906, 40796),
(199, 1907, 60063),
(199, 1908, 31315),
(199, 1909, 21336),
(200, 1885, 28670),
(200, 1886, 15442),
(200, 1887, 8047),
(200, 1888, 60842),
(200, 1889, 47589),
(201, 1895, 94465),
(201, 1896, 96558),
(201, 1897, 86878),
(201, 1898, 70271),
(201, 1899, 68970),
(202, 1900, 16908),
(202, 1901, 23190),
(202, 1902, 45861),
(202, 1903, 87914),
(202, 1904, 45524),
(203, 1844, 38143),
(203, 1845, 86616),
(203, 1846, 14363),
(203, 1847, 7742),
(203, 1848, 81455),
(204, 1767, 3135),
(204, 1768, 59061),
(204, 1769, 67400),
(204, 1770, 86640),
(204, 1771, 17941),
(205, 1795, 73686),
(205, 1796, 85901),
(205, 1797, 48276),
(205, 1798, 75388),
(205, 1799, 73310),
(206, 1867, 66471),
(206, 1868, 86874),
(206, 1869, 94314),
(206, 1870, 59022),
(206, 1871, 10774),
(207, 1851, 43640),
(207, 1852, 2798),
(207, 1853, 78441),
(207, 1854, 98968),
(207, 1855, 69451),
(208, 1689, 91448),
(208, 1690, 83771),
(208, 1691, 17845),
(208, 1692, 52853),
(208, 1693, 12641),
(209, 1934, 42596),
(209, 1935, 77271),
(209, 1936, 8881),
(209, 1937, 21223),
(209, 1938, 47224),
(210, 1880, 41628),
(210, 1881, 9892),
(210, 1882, 96409),
(210, 1883, 53653),
(210, 1884, 58658),
(211, 1850, 73327),
(211, 1851, 88565),
(211, 1852, 58939),
(211, 1853, 56999),
(211, 1854, 86141),
(212, 1942, 37920),
(212, 1943, 12401),
(212, 1944, 55340),
(212, 1945, 47269),
(212, 1946, 98721),
(213, 1893, 15389),
(213, 1894, 86005),
(213, 1895, 64876),
(213, 1896, 93246),
(213, 1897, 45182),
(214, 1949, 21217),
(214, 1950, 43328),
(214, 1951, 84123),
(214, 1952, 62996),
(214, 1953, 13542),
(215, 1932, 64170),
(215, 1933, 50120),
(215, 1934, 56361),
(215, 1935, 86218),
(215, 1936, 29414),
(216, 1830, 20997),
(216, 1831, 58852),
(216, 1832, 5837),
(216, 1833, 99678),
(216, 1834, 77713),
(217, 1847, 72942),
(217, 1848, 57738),
(217, 1849, 15953),
(217, 1850, 44040),
(217, 1851, 3821),
(218, 1917, 37825),
(218, 1918, 9047),
(218, 1919, 15713),
(218, 1920, 93644),
(218, 1921, 44150),
(219, 1893, 55626),
(219, 1894, 14253),
(219, 1895, 89501),
(219, 1896, 91669),
(219, 1897, 83149),
(220, 1900, 15428),
(220, 1901, 41771),
(220, 1902, 35627),
(220, 1903, 50106),
(220, 1904, 26578),
(221, 1883, 48661),
(221, 1884, 99512),
(221, 1885, 74974),
(221, 1886, 83003),
(221, 1887, 94161),
(222, 1903, 43297),
(222, 1904, 75565),
(222, 1905, 81483),
(222, 1906, 63332),
(222, 1907, 38577),
(223, 1866, 92942),
(223, 1867, 89217),
(223, 1868, 13049),
(223, 1869, 31715),
(223, 1870, 51877),
(224, 1900, 72405),
(224, 1901, 8441),
(224, 1902, 69528),
(224, 1903, 87089),
(224, 1904, 13585),
(225, 1889, 10096),
(225, 1890, 87141),
(225, 1891, 86885),
(225, 1892, 12986),
(225, 1893, 77598),
(226, 1926, 67402),
(226, 1927, 99725),
(226, 1928, 80383),
(226, 1929, 79361),
(226, 1930, 26175),
(227, 1505, 41181),
(227, 1506, 51050),
(227, 1507, 80562),
(227, 1508, 66258),
(227, 1509, 89860),
(228, 1818, 21997),
(228, 1819, 91690),
(228, 1820, 27930),
(228, 1821, 36599),
(228, 1822, 87743),
(229, 1600, 71234),
(229, 1601, 50163),
(229, 1602, 77251),
(229, 1603, 60819),
(229, 1604, 16675),
(230, 1864, 83108),
(230, 1865, 84037),
(230, 1866, 18056),
(230, 1867, 29131),
(230, 1868, 23484),
(231, 1568, 98105),
(231, 1569, 66223),
(231, 1570, 33721),
(231, 1571, 70786),
(231, 1572, 59968),
(232, 1710, 91554),
(232, 1711, 59679),
(232, 1712, 65670),
(232, 1713, 65642),
(232, 1714, 61557),
(233, 1822, 19141),
(233, 1823, 55192),
(233, 1824, 14192),
(233, 1825, 34043),
(233, 1826, 27342),
(234, 1789, 60517),
(234, 1790, 43509),
(234, 1791, 86847),
(234, 1792, 25579),
(234, 1793, 24153),
(235, 1488, 73198),
(235, 1489, 9432),
(235, 1490, 72269),
(235, 1491, 41944),
(235, 1492, 30599),
(236, 1892, 81844),
(236, 1893, 99269),
(236, 1894, 2931),
(236, 1895, 46034),
(236, 1896, 22406),
(237, 1486, 76634),
(237, 1487, 55584),
(237, 1488, 53761),
(237, 1489, 83433),
(237, 1490, 13871),
(238, 1900, 30723),
(238, 1901, 66450),
(238, 1902, 69526),
(238, 1903, 61958),
(238, 1904, 73025),
(239, 1800, 7543),
(239, 1801, 84831),
(239, 1802, 73058),
(239, 1803, 62037),
(239, 1804, 79683),
(240, 1848, 43336),
(240, 1849, 39574),
(240, 1850, 67765),
(240, 1851, 80553),
(240, 1852, 19659),
(241, 1691, 1782),
(241, 1692, 51299),
(241, 1693, 26946),
(241, 1694, 65467),
(241, 1695, 40510),
(242, 1800, 86526),
(242, 1801, 83927),
(242, 1802, 15737),
(242, 1803, 60047),
(242, 1804, 11333),
(243, 1940, 97015),
(243, 1941, 78336),
(243, 1942, 16139),
(243, 1943, 21664),
(243, 1944, 50779),
(244, 1494, 98911),
(244, 1495, 23481),
(244, 1496, 84567),
(244, 1497, 89992),
(244, 1498, 34314),
(245, 1749, 93531),
(245, 1750, 35826),
(245, 1751, 90006),
(245, 1752, 51956),
(245, 1753, 5368),
(246, 1778, 86577),
(246, 1779, 96727),
(246, 1780, 20593),
(246, 1781, 22531),
(246, 1782, 95750),
(247, 1749, 16764),
(247, 1750, 13204),
(247, 1751, 57140),
(247, 1752, 7421),
(247, 1753, 92332),
(248, 1800, 61514),
(248, 1801, 44624),
(248, 1802, 72447),
(248, 1803, 87361),
(248, 1804, 33097),
(249, 1827, 58667),
(249, 1828, 40157),
(249, 1829, 12789),
(249, 1830, 73574),
(249, 1831, 49800),
(250, 1977, 77455),
(250, 1978, 78150),
(250, 1979, 68045),
(250, 1980, 29718),
(250, 1981, 1712),
(251, 1800, 95146),
(251, 1801, 98436),
(251, 1802, 19945),
(251, 1803, 45080),
(251, 1804, 64412),
(252, 1927, 81323),
(252, 1928, 13910),
(252, 1929, 73112),
(252, 1930, 36235),
(252, 1931, 34039),
(253, 1800, 24658),
(253, 1801, 43891),
(253, 1802, 41471),
(253, 1803, 25860),
(253, 1804, 68223),
(254, 1952, 6786),
(254, 1953, 80197),
(254, 1954, 31342),
(254, 1955, 42875),
(254, 1956, 32262),
(255, 1958, 54902),
(255, 1959, 61377),
(255, 1960, 70208),
(255, 1961, 67948),
(255, 1962, 56250),
(256, 1970, 19813),
(256, 1971, 61801),
(256, 1972, 9185),
(256, 1973, 70166),
(256, 1974, 9904),
(257, 1713, 85253),
(257, 1714, 4152),
(257, 1715, 87442),
(257, 1716, 66927),
(257, 1717, 44885),
(258, 1895, 2274),
(258, 1896, 92270),
(258, 1897, 58711),
(258, 1898, 30741),
(258, 1899, 35563),
(259, 1934, 45385),
(259, 1935, 97441),
(259, 1936, 91972),
(259, 1937, 20821),
(259, 1938, 6574),
(260, 1925, 9645),
(260, 1926, 44383),
(260, 1927, 20725),
(260, 1928, 67473),
(260, 1929, 27996),
(261, 1473, 84576),
(261, 1474, 67802),
(261, 1475, 30997),
(261, 1476, 2982),
(261, 1477, 99434),
(262, 1984, 94336),
(262, 1985, 19851),
(262, 1986, 54655),
(262, 1987, 44988),
(262, 1988, 34260),
(263, 1930, 54879),
(263, 1931, 17730),
(263, 1932, 21967),
(263, 1933, 7411),
(263, 1934, 17097),
(264, 1839, 69836),
(264, 1840, 98780),
(264, 1841, 11112),
(264, 1842, 39893),
(264, 1843, 47049),
(265, 2011, 97261),
(265, 2012, 15879),
(265, 2013, 41822),
(265, 2014, 50904),
(265, 2015, 57328),
(266, 1848, 51210),
(266, 1849, 27382),
(266, 1850, 3670),
(266, 1851, 80337),
(266, 1852, 61243),
(267, 2000, 65028),
(267, 2001, 13574),
(267, 2002, 93884),
(267, 2003, 20286),
(267, 2004, 63095),
(268, 1998, 72917),
(268, 1999, 59560),
(268, 2000, 21674),
(268, 2001, 86139),
(268, 2002, 18601),
(269, 1993, 39630),
(269, 1994, 6042),
(269, 1995, 5730),
(269, 1996, 6070),
(269, 1997, 44751),
(270, 2005, 23934),
(270, 2006, 51514),
(270, 2007, 26140),
(270, 2008, 90633),
(270, 2009, 39975),
(271, 1964, 57695),
(271, 1965, 45985),
(271, 1966, 71003),
(271, 1967, 49454),
(271, 1968, 90075),
(272, 1834, 35291),
(272, 1835, 19092),
(272, 1836, 5632),
(272, 1837, 46863),
(272, 1838, 59029),
(273, 1994, 31120),
(273, 1995, 63504),
(273, 1996, 35980),
(273, 1997, 64758),
(273, 1998, 85696),
(274, 1991, 39092),
(274, 1992, 54390),
(274, 1993, 88709),
(274, 1994, 35647),
(274, 1995, 71320),
(275, 2022, 23373),
(275, 2023, 20686),
(275, 2024, 8333),
(275, 2025, 50554),
(275, 2026, 57722),
(276, 1968, 15078),
(276, 1969, 33843),
(276, 1970, 81206),
(276, 1971, 89560),
(276, 1972, 51900),
(277, 1998, 30077),
(277, 1999, 40696),
(277, 2000, 50058),
(277, 2001, 76848),
(277, 2002, 14542),
(278, 2012, 79037),
(278, 2013, 70657),
(278, 2014, 46222),
(278, 2015, 49766),
(278, 2016, 31221),
(279, 2001, 76939),
(279, 2002, 43043),
(279, 2003, 74687),
(279, 2004, 1907),
(279, 2005, 83988),
(280, 1951, 55127),
(280, 1952, 91843),
(280, 1953, 82168),
(280, 1954, 35784),
(280, 1955, 47837),
(281, 1984, 40676),
(281, 1985, 77458),
(281, 1986, 82679),
(281, 1987, 80237),
(281, 1988, 30475),
(282, 1988, 67490),
(282, 1989, 55785),
(282, 1990, 92290),
(282, 1991, 70511),
(282, 1992, 50993),
(283, 1998, 46797),
(283, 1999, 17902),
(283, 2000, 54196),
(283, 2001, 97479),
(283, 2002, 39584),
(284, 1820, 44405),
(284, 1821, 37012),
(284, 1822, 94094),
(284, 1823, 9033),
(284, 1824, 54548),
(285, 2021, 94283),
(285, 2022, 5929),
(285, 2023, 23199),
(285, 2024, 77829),
(285, 2025, 23428),
(286, 1882, 24475),
(286, 1883, 3847),
(286, 1884, 77997),
(286, 1885, 32763),
(286, 1886, 70532),
(287, 2013, 15491),
(287, 2014, 27741),
(287, 2015, 77263),
(287, 2016, 88657),
(287, 2017, 14451),
(288, 2011, 48225),
(288, 2012, 97077),
(288, 2013, 34712),
(288, 2014, 57575),
(288, 2015, 22563),
(289, 2007, 11794),
(289, 2008, 21453),
(289, 2009, 62736),
(289, 2010, 74704),
(289, 2011, 47536),
(290, 1994, 59689),
(290, 1995, 1738),
(290, 1996, 15535),
(290, 1997, 11705),
(290, 1998, 47878),
(291, 1992, 36643),
(291, 1993, 53441),
(291, 1994, 52648),
(291, 1995, 2815),
(291, 1996, 67574),
(292, 1800, 44238),
(292, 1801, 91984),
(292, 1802, 84682),
(292, 1803, 46232),
(292, 1804, 79881),
(293, 1983, 68929),
(293, 1984, 88733),
(293, 1985, 71574),
(293, 1986, 77910),
(293, 1987, 53745),
(294, 1981, 95275),
(294, 1982, 39970),
(294, 1983, 10114),
(294, 1984, 53635),
(294, 1985, 72554),
(295, 1970, 41111),
(295, 1971, 94119),
(295, 1972, 53009),
(295, 1973, 97721),
(295, 1974, 50961),
(296, 1911, 33093),
(296, 1912, 58727),
(296, 1913, 21588),
(296, 1914, 86609),
(296, 1915, 20435),
(297, 2022, 33270),
(297, 2023, 60605),
(297, 2024, 50106),
(297, 2025, 9547),
(297, 2026, 13436),
(298, 1992, 96651),
(298, 1993, 45583),
(298, 1994, 6416),
(298, 1995, 56717),
(298, 1996, 32084),
(299, 1994, 38098),
(299, 1995, 15892),
(299, 1996, 23820),
(299, 1997, 61564),
(299, 1998, 73007),
(300, 2006, 36106),
(300, 2007, 35325),
(300, 2008, 47564),
(300, 2009, 54778),
(300, 2010, 2489);

